Date,Open,High,Low,Close,Adj Close,Volume
2021-01-04,134.57000732421875,135.8699951171875,128.30999755859375,131.3699951171875,131.3699951171875,3472400
2021-01-05,131.47000122070312,137.94000244140625,131.4600067138672,137.13999938964844,137.13999938964844,3487300
2021-01-06,138.11000061035156,147.5500030517578,136.83999633789062,143.4199981689453,143.4199981689453,4559100
2021-01-07,144.11000061035156,144.6699981689453,139.83999633789062,142.2899932861328,142.2899932861328,2173500
2021-01-08,143.39999389648438,144.75,141.0500030517578,144.02000427246094,144.02000427246094,1484000
2021-01-11,140.30999755859375,144.5,140.11000061035156,142.9600067138672,142.9600067138672,1473900
2021-01-12,142.85000610351562,144.0500030517578,140.86000061035156,140.9499969482422,140.9499969482422,1519900
2021-01-13,140.1999969482422,141.08999633789062,138.35000610351562,140.61000061035156,140.61000061035156,1966200
2021-01-14,141.1199951171875,146.41000366210938,141.1199951171875,144.1699981689453,144.1699981689453,2665800
2021-01-15,144.0,144.35000610351562,140.11000061035156,140.69000244140625,140.69000244140625,1669400
2021-01-19,142.5399932861328,143.69000244140625,140.22999572753906,142.82000732421875,142.82000732421875,1809500
2021-01-20,141.66000366210938,144.10000610351562,138.39999389648438,141.75,141.75,2293400
2021-01-21,142.8800048828125,142.8800048828125,136.00999450683594,138.8800048828125,138.8800048828125,3168100
2021-01-22,139.82000732421875,140.3300018310547,136.44000244140625,136.52000427246094,136.52000427246094,2697700
2021-01-25,135.69000244140625,138.5500030517578,126.19000244140625,135.99000549316406,135.99000549316406,7253700
2021-01-26,137.58999633789062,137.58999633789062,130.00999450683594,131.5,131.5,2984800
2021-01-27,128.3699951171875,130.49000549316406,118.30000305175781,123.20999908447266,123.20999908447266,7235900
2021-01-28,126.37999725341797,130.16000366210938,124.5999984741211,126.73999786376953,126.73999786376953,8107100
2021-01-29,124.94000244140625,126.33999633789062,120.41999816894531,124.0999984741211,124.0999984741211,4601100
2021-02-01,126.1500015258789,129.60000610351562,125.6500015258789,127.30000305175781,127.30000305175781,5913400
2021-02-02,129.05999755859375,136.77999877929688,128.8300018310547,136.1300048828125,136.1300048828125,4934300
2021-02-03,137.97999572753906,141.14999389648438,137.05999755859375,138.47999572753906,138.47999572753906,3341200
2021-02-04,141.66000366210938,142.9199981689453,140.00999450683594,141.91000366210938,141.91000366210938,2080900
2021-02-05,143.3300018310547,145.6699981689453,140.2899932861328,141.39999389648438,141.39999389648438,2058900
2021-02-08,142.10000610351562,146.32000732421875,142.10000610351562,145.4199981689453,145.4199981689453,2523500
2021-02-09,144.97999572753906,145.91000366210938,143.07000732421875,144.47999572753906,144.47999572753906,2613300
2021-02-10,145.5500030517578,151.86000061035156,145.3000030517578,148.89999389648438,148.89999389648438,3428300
2021-02-11,149.3000030517578,153.25999450683594,146.88999938964844,149.91000366210938,149.91000366210938,3365600
2021-02-12,148.3699951171875,151.6999969482422,145.5800018310547,146.50999450683594,146.50999450683594,5379000
2021-02-16,146.41000366210938,148.8800048828125,143.22999572753906,147.83999633789062,147.83999633789062,4305000
2021-02-17,146.5,155.52999877929688,145.0,154.0399932861328,154.0399932861328,4738600
2021-02-18,150.83999633789062,157.41000366210938,150.27999877929688,156.72999572753906,156.72999572753906,2923800
2021-02-19,157.63999938964844,162.10000610351562,157.1300048828125,158.9199981689453,158.9199981689453,3496800
2021-02-22,158.5,166.57000732421875,157.55999755859375,160.61000061035156,160.61000061035156,3588800
2021-02-23,160.3699951171875,160.9199981689453,153.10000610351562,159.69000244140625,159.69000244140625,3677300
2021-02-24,160.5500030517578,164.5800018310547,159.61000061035156,162.77999877929688,162.77999877929688,2906700
2021-02-25,164.61000061035156,165.0,156.10000610351562,157.17999267578125,157.17999267578125,3230000
2021-02-26,158.41000366210938,164.91000366210938,154.61000061035156,161.0,161.0,5159600
2021-03-01,164.0,165.75,159.4499969482422,161.24000549316406,161.24000549316406,3277200
2021-03-02,161.5500030517578,164.4199981689453,160.0,160.27000427246094,160.27000427246094,2089200
2021-03-03,161.1199951171875,166.19000244140625,158.30999755859375,163.42999267578125,163.42999267578125,2828300
2021-03-04,162.82000732421875,163.94000244140625,154.8300018310547,158.41000366210938,158.41000366210938,3863800
2021-03-05,160.92999267578125,167.74000549316406,156.1300048828125,166.4499969482422,166.4499969482422,4352300
2021-03-08,166.5399932861328,171.72000122070312,165.33999633789062,167.89999389648438,167.89999389648438,3987500
2021-03-09,168.9499969482422,169.57000732421875,163.0,165.77000427246094,165.77000427246094,3563800
2021-03-10,170.02999877929688,173.22000122070312,165.50999450683594,167.5800018310547,167.5800018310547,3898900
2021-03-11,168.72000122070312,175.25,168.72000122070312,171.0800018310547,171.0800018310547,4796600
2021-03-12,170.72000122070312,176.25,169.6999969482422,174.58999633789062,174.58999633789062,3543500
2021-03-15,176.77999877929688,177.3000030517578,171.36000061035156,177.10000610351562,177.10000610351562,2443500
2021-03-16,177.55999755859375,178.5500030517578,174.7899932861328,176.3800048828125,176.3800048828125,3080800
2021-03-17,176.4199981689453,185.47999572753906,175.47999572753906,185.27000427246094,185.27000427246094,5059400
2021-03-18,184.0,187.92999267578125,180.61000061035156,180.8000030517578,180.8000030517578,5432800
2021-03-19,179.60000610351562,180.94000244140625,175.08999633789062,179.97999572753906,179.97999572753906,3287300
2021-03-22,179.0,179.97999572753906,172.44000244140625,173.08999633789062,173.08999633789062,3341400
2021-03-23,170.24000549316406,172.60000610351562,165.72999572753906,168.4199981689453,168.4199981689453,4495900
2021-03-24,169.1999969482422,172.5800018310547,165.89999389648438,166.13999938964844,166.13999938964844,2784200
2021-03-25,163.61000061035156,175.10000610351562,162.72999572753906,174.66000366210938,174.66000366210938,3755500
2021-03-26,176.97999572753906,177.72999572753906,170.99000549316406,176.4499969482422,176.4499969482422,3391900
2021-03-29,176.4499969482422,179.83999633789062,173.22000122070312,176.1300048828125,176.1300048828125,2953400
2021-03-30,177.0,177.39999389648438,173.41000366210938,175.8699951171875,175.8699951171875,2576600
2021-03-31,176.6300048828125,177.1999969482422,171.9199981689453,172.1199951171875,172.1199951171875,2617100
2021-04-01,172.88999938964844,176.0,170.67999267578125,175.92999267578125,175.92999267578125,2839900
2021-04-05,177.66000366210938,178.3300018310547,174.5,176.02000427246094,176.02000427246094,2639200
2021-04-06,174.44000244140625,177.6300048828125,174.17999267578125,174.6999969482422,174.6999969482422,1943800
2021-04-07,175.0,175.5,170.3800048828125,172.0399932861328,172.0399932861328,3002900
2021-04-08,171.39999389648438,175.4199981689453,170.41000366210938,174.57000732421875,174.57000732421875,2553300
2021-04-09,175.49000549316406,175.58999633789062,170.83999633789062,174.97999572753906,174.97999572753906,2032900
2021-04-12,173.2100067138672,175.25,169.5500030517578,171.7100067138672,171.7100067138672,1776700
2021-04-13,171.41000366210938,172.6999969482422,167.5500030517578,170.92999267578125,170.92999267578125,2644600
2021-04-14,171.9199981689453,174.9499969482422,171.27000427246094,171.72000122070312,171.72000122070312,2408800
2021-04-15,171.9600067138672,172.50999450683594,169.1999969482422,170.5500030517578,170.5500030517578,1969500
2021-04-16,172.10000610351562,174.77000427246094,170.97999572753906,173.91000366210938,173.91000366210938,2454300
2021-04-19,172.50999450683594,177.8800048828125,172.05999755859375,175.6199951171875,175.6199951171875,2324000
2021-04-20,174.0800018310547,174.94000244140625,166.75,170.4600067138672,170.4600067138672,2839400
2021-04-21,170.49000549316406,176.75999450683594,168.52999877929688,176.25999450683594,176.25999450683594,2163900
2021-04-22,176.4600067138672,180.08999633789062,174.88999938964844,175.64999389648438,175.64999389648438,1977600
2021-04-23,176.66000366210938,178.6699981689453,175.07000732421875,177.55999755859375,177.55999755859375,1559700
2021-04-26,179.3300018310547,181.52000427246094,176.33999633789062,176.67999267578125,176.67999267578125,1715700
2021-04-27,177.02999877929688,179.5800018310547,176.02999877929688,177.0800018310547,177.0800018310547,1903300
2021-04-28,176.75,179.66000366210938,176.1999969482422,177.60000610351562,177.60000610351562,1795100
2021-04-29,179.02999877929688,180.63999938964844,175.10000610351562,177.8699951171875,177.8699951171875,1465500
2021-04-30,177.47999572753906,178.4499969482422,174.6699981689453,176.22999572753906,176.22999572753906,1029900
2021-05-03,178.25,179.6300048828125,174.47000122070312,174.82000732421875,174.82000732421875,1970100
2021-05-04,175.4600067138672,175.55999755859375,170.44000244140625,173.4499969482422,173.4499969482422,2134400
2021-05-05,174.08999633789062,176.22999572753906,170.0,170.9199981689453,170.9199981689453,1967500
2021-05-06,170.0399932861328,170.9199981689453,162.6199951171875,164.82000732421875,164.82000732421875,3719400
2021-05-07,175.44000244140625,180.0500030517578,172.00999450683594,173.4600067138672,173.4600067138672,6284500
2021-05-10,173.55999755859375,177.42999267578125,170.72999572753906,173.08999633789062,173.08999633789062,4584300
2021-05-11,170.0,173.3800048828125,167.82000732421875,172.39999389648438,172.39999389648438,3895200
2021-05-12,171.2100067138672,171.99000549316406,161.63999938964844,161.99000549316406,161.99000549316406,4637200
2021-05-13,164.75,169.0500030517578,163.6999969482422,167.72000122070312,167.72000122070312,3282900
2021-05-14,169.99000549316406,173.0500030517578,168.25,171.8000030517578,171.8000030517578,2460500
2021-05-17,170.00999450683594,170.2100067138672,166.8000030517578,169.4499969482422,169.4499969482422,2438200
2021-05-18,169.9199981689453,172.0,168.02000427246094,168.10000610351562,168.10000610351562,2227400
2021-05-19,164.89999389648438,167.75999450683594,164.16000366210938,167.07000732421875,167.07000732421875,2056900
2021-05-20,167.25,170.19000244140625,166.25,169.13999938964844,169.13999938964844,1816900
2021-05-21,170.02000427246094,171.25,167.19000244140625,168.05999755859375,168.05999755859375,1698000
2021-05-24,169.0,172.30999755859375,167.7899932861328,171.10000610351562,171.10000610351562,1938300
2021-05-25,174.52000427246094,175.58999633789062,171.69000244140625,173.05999755859375,173.05999755859375,1886300
2021-05-26,172.97000122070312,175.1699981689453,172.4199981689453,174.8300018310547,174.8300018310547,1971200
2021-05-27,175.0,175.3699951171875,172.8000030517578,174.11000061035156,174.11000061035156,2221300
2021-05-28,172.8800048828125,178.13999938964844,172.8800048828125,176.9499969482422,176.9499969482422,1895400
2021-06-01,178.80999755859375,179.58999633789062,176.80999755859375,177.30999755859375,177.30999755859375,1623900
2021-06-02,177.91000366210938,178.27000427246094,174.9199981689453,175.1699981689453,175.1699981689453,1992400
2021-06-03,173.55999755859375,174.94000244140625,170.33999633789062,170.75,170.75,1854000
2021-06-04,172.0399932861328,173.47999572753906,171.07000732421875,171.4199981689453,171.4199981689453,1418600
2021-06-07,172.8000030517578,172.8000030517578,168.4499969482422,170.35000610351562,170.35000610351562,2073400
2021-06-08,170.35000610351562,173.17999267578125,170.3300018310547,172.61000061035156,172.61000061035156,1390700
2021-06-09,173.2100067138672,174.11000061035156,171.6699981689453,172.8000030517578,172.8000030517578,1479100
2021-06-10,173.0500030517578,173.4199981689453,169.32000732421875,171.5800018310547,171.5800018310547,1178200
2021-06-11,172.1999969482422,174.4499969482422,171.72999572753906,172.94000244140625,172.94000244140625,1460200
2021-06-14,173.6199951171875,173.9600067138672,168.4600067138672,169.13999938964844,169.13999938964844,2263500
2021-06-15,169.52000427246094,171.30999755859375,168.4499969482422,170.0,170.0,1547800
2021-06-16,168.8300018310547,170.0800018310547,166.16000366210938,167.9600067138672,167.9600067138672,2006200
2021-06-17,167.66000366210938,169.33999633789062,164.91000366210938,165.9199981689453,165.9199981689453,2402800
2021-06-18,165.5800018310547,165.7100067138672,161.64999389648438,162.92999267578125,162.92999267578125,3585900
2021-06-21,163.36000061035156,168.49000549316406,162.8000030517578,167.9199981689453,167.9199981689453,2218900
2021-06-22,168.52000427246094,168.92999267578125,165.16000366210938,166.92999267578125,166.92999267578125,1397200
2021-06-23,166.67999267578125,170.02999877929688,166.25,168.9499969482422,168.9499969482422,1243000
2021-06-24,169.92999267578125,170.52000427246094,168.30999755859375,170.0500030517578,170.0500030517578,1118300
2021-06-25,170.52000427246094,172.77999877929688,169.00999450683594,170.99000549316406,170.99000549316406,4977100
2021-06-28,170.0399932861328,170.24000549316406,158.88999938964844,163.5500030517578,163.5500030517578,4900600
2021-06-29,163.75999450683594,164.2899932861328,159.5399932861328,159.89999389648438,159.89999389648438,2555500
2021-06-30,159.75,164.24000549316406,159.13999938964844,163.7100067138672,163.7100067138672,2048700
2021-07-01,164.38999938964844,167.72999572753906,164.2100067138672,167.02999877929688,167.02999877929688,2247200
2021-07-02,167.99000549316406,169.2899932861328,166.97000122070312,167.4199981689453,167.4199981689453,1843600
2021-07-06,166.69000244140625,167.7899932861328,164.39999389648438,165.57000732421875,165.57000732421875,1548900
2021-07-07,165.4199981689453,166.94000244140625,161.13999938964844,162.9600067138672,162.9600067138672,1668900
2021-07-08,158.7100067138672,162.5800018310547,156.50999450683594,161.55999755859375,161.55999755859375,2222400
2021-07-09,163.52000427246094,168.4600067138672,163.02999877929688,167.74000549316406,167.74000549316406,1812700
2021-07-12,166.5800018310547,167.57000732421875,164.5800018310547,167.35000610351562,167.35000610351562,1702600
2021-07-13,166.77000427246094,166.97000122070312,161.6300048828125,162.02000427246094,162.02000427246094,2902600
2021-07-14,163.6300048828125,167.24000549316406,160.3300018310547,160.99000549316406,160.99000549316406,2202700
2021-07-15,159.50999450683594,160.6300048828125,157.8000030517578,159.2899932861328,159.2899932861328,2239400
2021-07-16,160.9600067138672,161.57000732421875,156.9600067138672,157.61000061035156,157.61000061035156,2217600
2021-07-19,153.14999389648438,153.9600067138672,150.02000427246094,151.63999938964844,151.63999938964844,4174500
2021-07-20,152.6199951171875,157.61000061035156,150.10000610351562,156.1199951171875,156.1199951171875,2143600
2021-07-21,157.58999633789062,163.6999969482422,157.58999633789062,162.4199981689453,162.4199981689453,2467300
2021-07-22,161.22999572753906,162.1699981689453,158.6699981689453,160.02999877929688,160.02999877929688,1260400
2021-07-23,161.52000427246094,162.6699981689453,160.35000610351562,161.5500030517578,161.5500030517578,1418400
2021-07-26,160.97000122070312,163.94000244140625,160.17999267578125,162.6999969482422,162.6999969482422,1614600
2021-07-27,162.00999450683594,164.0500030517578,160.8300018310547,163.72000122070312,163.72000122070312,1899700
2021-07-28,164.39999389648438,166.5800018310547,161.00999450683594,163.19000244140625,163.19000244140625,1018000
2021-07-29,163.97000122070312,165.61000061035156,162.1999969482422,163.72999572753906,163.72999572753906,1139900
2021-07-30,163.1699981689453,165.30999755859375,160.25999450683594,160.8699951171875,160.8699951171875,1426600
2021-08-02,162.27000427246094,166.1999969482422,158.85000610351562,159.19000244140625,159.19000244140625,1782500
2021-08-03,159.00999450683594,159.25,152.94000244140625,154.77999877929688,154.77999877929688,2979200
2021-08-04,153.22999572753906,155.97999572753906,152.5,153.25,153.25,1396700
2021-08-05,155.44000244140625,162.61000061035156,154.5,161.69000244140625,161.69000244140625,4336500
2021-08-06,149.55999755859375,150.9499969482422,145.39999389648438,148.88999938964844,148.88999938964844,12102400
2021-08-09,147.0500030517578,149.74000549316406,146.0500030517578,148.8000030517578,148.8000030517578,3423200
2021-08-10,149.0399932861328,151.58999633789062,147.1199951171875,148.60000610351562,148.60000610351562,1850400
2021-08-11,147.9199981689453,150.3300018310547,146.67999267578125,150.07000732421875,150.07000732421875,1697400
2021-08-12,149.39999389648438,150.89999389648438,145.97999572753906,150.3300018310547,150.3300018310547,1759700
2021-08-13,150.32000732421875,150.8300018310547,147.3300018310547,148.6300048828125,148.6300048828125,1727300
2021-08-16,147.25,147.5399932861328,143.1300048828125,144.13999938964844,144.13999938964844,3610900
2021-08-17,143.22000122070312,143.44000244140625,140.6199951171875,142.57000732421875,142.57000732421875,2006000
2021-08-18,141.66000366210938,143.2100067138672,139.80999755859375,140.35000610351562,140.35000610351562,1607700
2021-08-19,138.8699951171875,141.58999633789062,137.32000732421875,138.0500030517578,138.0500030517578,2631900
2021-08-20,137.5,139.02000427246094,136.77000427246094,137.7899932861328,137.7899932861328,1784000
2021-08-23,139.07000732421875,142.91000366210938,138.99000549316406,142.83999633789062,142.83999633789062,1971200
2021-08-24,143.91000366210938,146.97000122070312,143.36000061035156,146.6300048828125,146.6300048828125,2961900
2021-08-25,147.02999877929688,147.72999572753906,144.4499969482422,147.6199951171875,147.6199951171875,1714000
2021-08-26,147.30999755859375,147.72000122070312,143.66000366210938,143.86000061035156,143.86000061035156,1714700
2021-08-27,144.38999938964844,148.0399932861328,144.0,146.74000549316406,146.74000549316406,1556000
2021-08-30,146.1699981689453,146.83999633789062,143.7100067138672,144.19000244140625,144.19000244140625,1254200
2021-08-31,144.38999938964844,145.4600067138672,143.16000366210938,144.5,144.5,2280600
2021-09-01,146.0,148.08999633789062,144.66000366210938,146.1699981689453,146.1699981689453,2067400
2021-09-02,146.92999267578125,147.5399932861328,143.3800048828125,143.77000427246094,143.77000427246094,2066000
2021-09-03,142.89999389648438,144.5500030517578,141.8000030517578,142.63999938964844,142.63999938964844,1420100
2021-09-07,142.67999267578125,147.94000244140625,142.5,147.49000549316406,147.49000549316406,1967700
2021-09-08,146.89999389648438,148.49000549316406,144.32000732421875,145.6699981689453,145.6699981689453,2245900
2021-09-09,146.02999877929688,149.61000061035156,145.17999267578125,146.74000549316406,146.74000549316406,1964800
2021-09-10,147.47000122070312,147.6999969482422,144.77000427246094,145.38999938964844,145.38999938964844,1486600
2021-09-13,148.0399932861328,149.22999572753906,143.55999755859375,148.7899932861328,148.7899932861328,2382000
2021-09-14,148.77000427246094,150.77999877929688,147.41000366210938,150.60000610351562,150.60000610351562,2002500
2021-09-15,149.72999572753906,151.41000366210938,148.22000122070312,151.32000732421875,151.32000732421875,1870300
2021-09-16,151.3000030517578,152.77999877929688,149.08999633789062,150.1699981689453,150.1699981689453,2317700
2021-09-17,150.6999969482422,153.57000732421875,150.52999877929688,152.27999877929688,152.27999877929688,4094100
2021-09-20,151.60000610351562,154.6300048828125,150.38999938964844,153.58999633789062,153.58999633789062,2454200
2021-09-21,154.7899932861328,155.52999877929688,151.41000366210938,152.9499969482422,152.9499969482422,1932800
2021-09-22,154.0500030517578,159.97999572753906,154.0500030517578,158.9499969482422,158.9499969482422,2635600
2021-09-23,160.0,167.1199951171875,159.61000061035156,166.83999633789062,166.83999633789062,3607500
2021-09-24,166.83999633789062,172.5500030517578,166.00999450683594,171.99000549316406,171.99000549316406,3354100
2021-09-27,172.86000061035156,175.3699951171875,169.19000244140625,169.64999389648438,169.64999389648438,3329200
2021-09-28,168.0,169.83999633789062,167.11000061035156,168.77999877929688,168.77999877929688,2357900
2021-09-29,169.0500030517578,170.24000549316406,166.0800018310547,166.27000427246094,166.27000427246094,1564000
2021-09-30,166.35000610351562,166.6999969482422,163.66000366210938,163.89999389648438,163.89999389648438,1535100
2021-10-01,169.3000030517578,174.72999572753906,168.39999389648438,169.7899932861328,169.7899932861328,2941700
2021-10-04,169.60000610351562,172.22999572753906,168.00999450683594,170.7899932861328,170.7899932861328,1908800
2021-10-05,171.74000549316406,172.0,168.10000610351562,169.10000610351562,169.10000610351562,1741200
2021-10-06,167.0399932861328,171.3699951171875,166.3000030517578,170.2100067138672,170.2100067138672,1558900
2021-10-07,171.72000122070312,173.92999267578125,170.7100067138672,172.3000030517578,172.3000030517578,1515900
2021-10-08,173.49000549316406,174.0,169.63999938964844,169.97999572753906,169.97999572753906,1279900
2021-10-11,170.36000061035156,171.7899932861328,168.4199981689453,168.50999450683594,168.50999450683594,850800
2021-10-12,168.75999450683594,170.75999450683594,167.8000030517578,169.5500030517578,169.5500030517578,1016800
2021-10-13,169.27000427246094,169.7100067138672,165.91000366210938,168.50999450683594,168.50999450683594,1041200
2021-10-14,169.67999267578125,170.6999969482422,168.32000732421875,168.88999938964844,168.88999938964844,1032500
2021-10-15,171.0,174.85000610351562,170.22999572753906,171.99000549316406,171.99000549316406,2118100
2021-10-18,170.80999755859375,171.8800048828125,169.19000244140625,169.9199981689453,169.9199981689453,1279500
2021-10-19,169.86000061035156,170.61000061035156,165.9600067138672,166.1999969482422,166.1999969482422,1845800
2021-10-20,166.27999877929688,166.50999450683594,161.2899932861328,163.72999572753906,163.72999572753906,2768900
2021-10-21,163.25999450683594,164.92999267578125,161.55999755859375,162.75,162.75,2356500
2021-10-22,162.27000427246094,163.82000732421875,160.24000549316406,161.6699981689453,161.6699981689453,1468500
2021-10-25,161.3300018310547,162.77000427246094,159.00999450683594,161.44000244140625,161.44000244140625,1203500
2021-10-26,162.9600067138672,164.16000366210938,161.33999633789062,162.75,162.75,1322100
2021-10-27,163.0,164.97000122070312,161.91000366210938,164.13999938964844,164.13999938964844,1274100
2021-10-28,163.89999389648438,166.1300048828125,162.8800048828125,164.25999450683594,164.25999450683594,1248700
2021-10-29,163.92999267578125,164.77999877929688,159.8000030517578,164.41000366210938,164.41000366210938,1824300
2021-11-01,165.7899932861328,168.85000610351562,164.77000427246094,167.22999572753906,167.22999572753906,1508600
2021-11-02,164.07000732421875,164.8300018310547,159.52000427246094,159.83999633789062,159.83999633789062,2446600
2021-11-03,160.39999389648438,162.63999938964844,159.61000061035156,162.25,162.25,2100000
2021-11-04,166.0,166.74000549316406,156.27000427246094,157.5500030517578,157.5500030517578,5043700
2021-11-05,179.2899932861328,184.2100067138672,172.2100067138672,182.1699981689453,182.1699981689453,11357600
2021-11-08,183.3800048828125,191.85000610351562,183.35000610351562,188.42999267578125,188.42999267578125,6957200
2021-11-09,187.60000610351562,189.6699981689453,184.57000732421875,188.0,188.0,4079000
2021-11-10,186.38999938964844,191.8300018310547,184.00999450683594,185.6699981689453,185.6699981689453,3089000
2021-11-11,185.07000732421875,186.60000610351562,182.0399932861328,182.5800018310547,182.5800018310547,1734100
2021-11-12,183.41000366210938,183.44000244140625,178.0,178.91000366210938,178.91000366210938,2185700
2021-11-15,179.16000366210938,179.19000244140625,176.5,177.61000061035156,177.61000061035156,1890500
2021-11-16,177.36000061035156,177.38999938964844,174.22999572753906,175.49000549316406,175.49000549316406,2405200
2021-11-17,174.4199981689453,178.27999877929688,173.0500030517578,177.58999633789062,177.58999633789062,2079800
2021-11-18,178.0,179.8000030517578,173.0,176.5800018310547,176.5800018310547,1827000
2021-11-19,173.61000061035156,176.64999389648438,170.82000732421875,175.16000366210938,175.16000366210938,2384900
2021-11-22,175.99000549316406,176.66000366210938,172.0,173.24000549316406,173.24000549316406,1508200
2021-11-23,173.57000732421875,178.42999267578125,173.57000732421875,177.97000122070312,177.97000122070312,1976000
2021-11-24,176.9600067138672,179.25,174.83999633789062,176.5399932861328,176.5399932861328,1196200
2021-11-26,161.0,162.5,155.58999633789062,159.8000030517578,159.8000030517578,7044700
2021-11-29,165.8699951171875,169.1699981689453,162.66000366210938,166.5,166.5,3620000
2021-11-30,162.05999755859375,164.91000366210938,159.67999267578125,161.08999633789062,161.08999633789062,3445700
2021-12-01,165.0,165.8699951171875,153.89999389648438,155.66000366210938,155.66000366210938,3297100
2021-12-02,156.4600067138672,163.44000244140625,154.64999389648438,161.27999877929688,161.27999877929688,2825000
2021-12-03,160.61000061035156,162.0,153.0399932861328,155.5800018310547,155.5800018310547,2640000
2021-12-06,159.10000610351562,169.55999755859375,157.58999633789062,166.07000732421875,166.07000732421875,3065200
2021-12-07,168.64999389648438,170.6999969482422,165.30999755859375,166.57000732421875,166.57000732421875,2473600
2021-12-08,171.3699951171875,174.60000610351562,168.0500030517578,172.38999938964844,172.38999938964844,3108700
2021-12-09,169.25,172.64999389648438,168.74000549316406,169.75,169.75,1505600
2021-12-10,170.07000732421875,170.8699951171875,165.10000610351562,166.9499969482422,166.9499969482422,1992300
2021-12-13,164.5500030517578,165.0,158.55999755859375,161.0,161.0,3136300
2021-12-14,158.7899932861328,161.52000427246094,157.5,158.25999450683594,158.25999450683594,1853600
2021-12-15,158.0,158.00999450683594,150.83999633789062,157.6300048828125,157.6300048828125,2880000
2021-12-16,157.75999450683594,158.8699951171875,153.25999450683594,154.42999267578125,154.42999267578125,2573900
2021-12-17,152.22000122070312,161.5,151.6999969482422,159.30999755859375,159.30999755859375,3753500
2021-12-20,155.0,162.75,154.00999450683594,162.42999267578125,162.42999267578125,2392100
2021-12-21,164.13999938964844,178.6199951171875,164.0800018310547,177.27000427246094,177.27000427246094,5249600
2021-12-22,176.27999877929688,183.80999755859375,175.19000244140625,182.4199981689453,182.4199981689453,3044000
2021-12-23,183.7100067138672,185.63999938964844,180.22000122070312,183.77999877929688,183.77999877929688,1489000
2021-12-27,181.25999450683594,183.24000549316406,178.63999938964844,182.25,182.25,1111100
2021-12-28,181.9499969482422,182.83999633789062,179.52999877929688,180.8000030517578,180.8000030517578,1073100
2021-12-29,179.85000610351562,181.99000549316406,179.1300048828125,180.97000122070312,180.97000122070312,1035700
2021-12-30,180.97000122070312,184.0500030517578,180.16000366210938,181.47000122070312,181.47000122070312,1284000
2021-12-31,180.41000366210938,183.36000061035156,179.3699951171875,180.72000122070312,180.72000122070312,1119500
2022-01-03,181.3000030517578,185.72999572753906,181.3000030517578,184.97000122070312,184.97000122070312,2047200
2022-01-04,187.85000610351562,190.77999877929688,184.60000610351562,185.3699951171875,185.3699951171875,2547000
2022-01-05,186.27000427246094,186.5,180.75999450683594,181.3000030517578,181.3000030517578,1819000
2022-01-06,181.3000030517578,183.10000610351562,176.39999389648438,177.5800018310547,177.5800018310547,1872300
2022-01-07,177.07000732421875,183.5800018310547,176.60000610351562,179.91000366210938,179.91000366210938,1704400
2022-01-10,181.6199951171875,182.0,174.66000366210938,180.57000732421875,180.57000732421875,2157700
2022-01-11,179.14999389648438,183.38999938964844,177.6300048828125,182.47000122070312,182.47000122070312,1242600
2022-01-12,183.55999755859375,184.89999389648438,180.72000122070312,181.25,181.25,1498500
2022-01-13,181.25999450683594,190.2899932861328,180.5500030517578,185.05999755859375,185.05999755859375,2797600
2022-01-14,184.74000549316406,184.97999572753906,179.58999633789062,184.39999389648438,184.39999389648438,1446000
2022-01-18,181.99000549316406,184.6999969482422,177.0399932861328,177.55999755859375,177.55999755859375,2030600
2022-01-19,178.88999938964844,180.97999572753906,176.27999877929688,176.4600067138672,176.4600067138672,1356600
2022-01-20,177.7100067138672,183.7100067138672,177.17999267578125,177.5,177.5,1250000
2022-01-21,177.5,179.27999877929688,172.5399932861328,174.4199981689453,174.4199981689453,3435800
2022-01-24,169.38999938964844,172.0,159.88999938964844,171.35000610351562,171.35000610351562,4018000
2022-01-25,167.3000030517578,176.22999572753906,165.57000732421875,174.1999969482422,174.1999969482422,3160200
2022-01-26,177.74000549316406,182.67999267578125,173.94000244140625,177.10000610351562,177.10000610351562,2553300
2022-01-27,178.4499969482422,179.74000549316406,170.41000366210938,171.22999572753906,171.22999572753906,1787900
2022-01-28,171.33999633789062,174.5,167.2899932861328,174.36000061035156,174.36000061035156,2016000
2022-01-31,174.08999633789062,183.5,173.2100067138672,183.2899932861328,183.2899932861328,2153300
2022-02-01,182.0,188.36000061035156,181.44000244140625,188.05999755859375,188.05999755859375,2371000
2022-02-02,187.75999450683594,190.77999877929688,184.25,185.3300018310547,185.3300018310547,2429600
2022-02-03,182.4499969482422,186.0500030517578,181.33999633789062,183.66000366210938,183.66000366210938,1936000
2022-02-04,181.27999877929688,186.85000610351562,180.75999450683594,185.30999755859375,185.30999755859375,2062300
2022-02-07,186.69000244140625,190.0,184.80999755859375,187.35000610351562,187.35000610351562,2631600
2022-02-08,187.05999755859375,194.5500030517578,185.33999633789062,193.89999389648438,193.89999389648438,3880800
2022-02-09,195.36000061035156,199.25999450683594,194.8000030517578,196.9499969482422,196.9499969482422,3258800
2022-02-10,194.57000732421875,201.92999267578125,194.22000122070312,197.52000427246094,197.52000427246094,5758500
2022-02-11,209.0,210.5,188.05999755859375,192.1199951171875,192.1199951171875,7912000
2022-02-14,193.6699981689453,203.33999633789062,193.25,197.1699981689453,197.1699981689453,5326700
2022-02-15,200.0,212.0,200.0,211.92999267578125,211.92999267578125,5349300
2022-02-16,208.0,217.72000122070312,208.0,213.8000030517578,213.8000030517578,4148900
2022-02-17,210.66000366210938,213.07000732421875,206.49000549316406,209.30999755859375,209.30999755859375,2956400
2022-02-18,208.8800048828125,211.25,204.72000122070312,209.1699981689453,209.1699981689453,2206500
2022-02-22,207.13999938964844,209.9199981689453,202.2100067138672,204.67999267578125,204.67999267578125,3053500
2022-02-23,206.85000610351562,207.49000549316406,198.1300048828125,198.6300048828125,198.6300048828125,3133300
2022-02-24,185.9600067138672,194.5800018310547,181.91000366210938,193.74000549316406,193.74000549316406,7901000
2022-02-25,195.22999572753906,200.22999572753906,192.05999755859375,199.92999267578125,199.92999267578125,3035700
2022-02-28,194.5,198.14999389648438,188.8000030517578,196.11000061035156,196.11000061035156,3634200
2022-03-01,195.00999450683594,196.61000061035156,185.82000732421875,187.85000610351562,187.85000610351562,3234800
2022-03-02,190.38999938964844,195.32000732421875,190.24000549316406,192.22999572753906,192.22999572753906,3005100
2022-03-03,193.6300048828125,194.7899932861328,183.58999633789062,185.25,185.25,3151700
2022-03-04,181.88999938964844,182.9600067138672,172.91000366210938,176.22999572753906,176.22999572753906,4369500
2022-03-07,176.50999450683594,177.3000030517578,156.13999938964844,157.00999450683594,157.00999450683594,6829600
2022-03-08,158.58999633789062,172.0800018310547,151.92999267578125,165.69000244140625,165.69000244140625,7595300
2022-03-09,172.67999267578125,180.8300018310547,172.35000610351562,174.67999267578125,174.67999267578125,4235400
2022-03-10,170.0,179.75,168.52999877929688,178.91000366210938,178.91000366210938,3442400
2022-03-11,181.00999450683594,183.19000244140625,178.22999572753906,179.30999755859375,179.30999755859375,2952000
2022-03-14,180.5,184.52999877929688,178.27000427246094,179.11000061035156,179.11000061035156,3676000
2022-03-15,182.0,189.8800048828125,181.7100067138672,188.5,188.5,3837900
2022-03-16,191.02000427246094,196.25,185.83999633789062,192.88999938964844,192.88999938964844,4364100
2022-03-17,190.10000610351562,192.88999938964844,187.10000610351562,192.0,192.0,1981300
2022-03-18,191.50999450683594,195.5500030517578,188.52999877929688,193.17999267578125,193.17999267578125,3454100
2022-03-21,191.2100067138672,191.47000122070312,186.6300048828125,190.17999267578125,190.17999267578125,2100100
2022-03-22,191.8300018310547,194.2100067138672,188.94000244140625,191.6999969482422,191.6999969482422,2654100
2022-03-23,189.8300018310547,191.63999938964844,186.63999938964844,186.94000244140625,186.94000244140625,3265500
2022-03-24,188.7100067138672,195.6300048828125,187.19000244140625,195.02000427246094,195.02000427246094,2534800
2022-03-25,196.25,197.8699951171875,189.75999450683594,192.16000366210938,192.16000366210938,2015000
2022-03-28,192.41000366210938,195.97000122070312,189.1699981689453,193.19000244140625,193.19000244140625,2036500
2022-03-29,197.57000732421875,203.97999572753906,194.88999938964844,195.41000366210938,195.41000366210938,2938000
2022-03-30,193.5,196.05999755859375,190.82000732421875,192.1699981689453,192.1699981689453,2039800
2022-03-31,193.35000610351562,198.97999572753906,192.49000549316406,195.6699981689453,195.6699981689453,2585300
2022-04-01,196.94000244140625,200.4499969482422,195.86000061035156,198.1999969482422,198.1999969482422,1842200
2022-04-04,196.27999877929688,198.2899932861328,194.6999969482422,197.2899932861328,197.2899932861328,1748400
2022-04-05,197.72000122070312,199.19000244140625,190.00999450683594,190.42999267578125,190.42999267578125,1892200
2022-04-06,187.36000061035156,187.36000061035156,180.00999450683594,181.4600067138672,181.4600067138672,2597000
2022-04-07,180.3300018310547,182.1999969482422,176.35000610351562,181.97999572753906,181.97999572753906,3065600
2022-04-08,180.85000610351562,184.11000061035156,178.66000366210938,179.7899932861328,179.7899932861328,2543400
2022-04-11,177.5,182.0,176.10000610351562,177.3000030517578,177.3000030517578,1795000
2022-04-12,181.1300048828125,181.75999450683594,177.02999877929688,178.61000061035156,178.61000061035156,2372500
2022-04-13,181.0,187.75,180.8699951171875,187.3300018310547,187.3300018310547,2472400
2022-04-14,188.08999633789062,193.55999755859375,187.5500030517578,191.5500030517578,191.5500030517578,3118900
2022-04-18,189.88999938964844,191.67999267578125,184.6199951171875,185.83999633789062,185.83999633789062,2383200
2022-04-19,186.25,188.69000244140625,184.0,186.33999633789062,186.33999633789062,1495600
2022-04-20,187.44000244140625,190.1699981689453,184.07000732421875,185.8699951171875,185.8699951171875,1475900
2022-04-21,193.3000030517578,196.77999877929688,182.52000427246094,183.38999938964844,183.38999938964844,2899400
2022-04-22,182.77000427246094,185.25,180.55999755859375,181.64999389648438,181.64999389648438,1916300
2022-04-25,180.72000122070312,187.8300018310547,179.57000732421875,186.77000427246094,186.77000427246094,2074100
2022-04-26,184.17999267578125,186.25,178.57000732421875,178.5800018310547,178.5800018310547,1982400
2022-04-27,180.69000244140625,186.6199951171875,180.0,182.52000427246094,182.52000427246094,2413500
2022-04-28,182.63999938964844,186.57000732421875,180.22000122070312,183.39999389648438,183.39999389648438,2154100
2022-04-29,181.77000427246094,183.3000030517578,173.61000061035156,174.75,174.75,2616700
2022-05-02,174.8800048828125,178.02000427246094,169.25999450683594,174.80999755859375,174.80999755859375,5434400
2022-05-03,168.39999389648438,169.1699981689453,145.8000030517578,150.30999755859375,150.30999755859375,15895900
2022-05-04,148.99000549316406,150.6699981689453,142.80999755859375,149.55999755859375,149.55999755859375,7944100
2022-05-05,147.47000122070312,147.52999877929688,135.0,139.5,139.5,7577100
2022-05-06,139.8800048828125,139.8800048828125,131.42999267578125,132.3300018310547,132.3300018310547,5206800
2022-05-09,129.1699981689453,133.08999633789062,126.8499984741211,127.79000091552734,127.79000091552734,5827700
2022-05-10,131.13999938964844,135.3300018310547,127.18000030517578,132.33999633789062,132.33999633789062,5410100
2022-05-11,132.22000122070312,137.36000061035156,129.67999267578125,133.22000122070312,133.22000122070312,4301800
2022-05-12,132.67999267578125,135.16000366210938,126.04000091552734,128.33999633789062,128.33999633789062,4107400
2022-05-13,131.58999633789062,133.22999572753906,129.91000366210938,131.77999877929688,131.77999877929688,3071700
2022-05-16,129.94000244140625,130.1999969482422,122.86000061035156,123.8499984741211,123.8499984741211,4755700
2022-05-17,126.91999816894531,128.1699981689453,121.5,122.83000183105469,122.83000183105469,7654800
2022-05-18,122.91999816894531,124.81999969482422,119.66999816894531,120.1500015258789,120.1500015258789,4452700
2022-05-19,121.04000091552734,128.52999877929688,119.05000305175781,126.56999969482422,126.56999969482422,5656000
2022-05-20,127.16999816894531,128.38999938964844,121.33000183105469,124.58999633789062,124.58999633789062,3620700
2022-05-23,126.37000274658203,126.37000274658203,120.51000213623047,121.62999725341797,121.62999725341797,3098300
2022-05-24,121.94000244140625,121.94000244140625,115.91999816894531,116.76000213623047,116.76000213623047,2744600
2022-05-25,116.61000061035156,124.48999786376953,115.76000213623047,123.7300033569336,123.7300033569336,3507700
2022-05-26,124.08000183105469,132.4199981689453,123.91999816894531,130.2899932861328,130.2899932861328,3387900
2022-05-27,130.89999389648438,132.83999633789062,129.50999450683594,130.97000122070312,130.97000122070312,2680200
2022-05-31,129.3699951171875,130.25999450683594,126.8499984741211,129.3300018310547,129.3300018310547,3030200
2022-06-01,129.77000427246094,130.52999877929688,124.69999694824219,126.2300033569336,126.2300033569336,3400600
2022-06-02,127.05000305175781,135.08999633789062,126.76000213623047,134.19000244140625,134.19000244140625,3194200
2022-06-03,130.8000030517578,135.4199981689453,130.8000030517578,131.66000366210938,131.66000366210938,2523800
2022-06-06,133.30999755859375,134.91000366210938,131.86000061035156,133.35000610351562,133.35000610351562,1834000
2022-06-07,131.4600067138672,133.5,129.8800048828125,131.14999389648438,131.14999389648438,2448900
2022-06-08,131.27999877929688,131.8000030517578,128.7899932861328,129.47000122070312,129.47000122070312,1908100
2022-06-09,129.3000030517578,129.6999969482422,121.98999786376953,121.98999786376953,121.98999786376953,3221600
2022-06-10,119.61000061035156,120.13999938964844,114.04000091552734,115.16000366210938,115.16000366210938,4076200
2022-06-13,110.11000061035156,111.69999694824219,105.66000366210938,106.26000213623047,106.26000213623047,3857500
2022-06-14,106.72000122070312,107.5199966430664,100.01000213623047,101.93000030517578,101.93000030517578,5021200
2022-06-15,102.83000183105469,105.68000030517578,101.41999816894531,104.41000366210938,104.41000366210938,4437900
2022-06-16,99.80000305175781,100.0,95.6500015258789,96.33000183105469,96.33000183105469,4103700
2022-06-17,97.91000366210938,101.5999984741211,96.9000015258789,100.37000274658203,100.37000274658203,4726000
2022-06-21,101.26000213623047,103.08000183105469,98.5199966430664,98.77999877929688,98.77999877929688,2187300
2022-06-22,97.25,99.23999786376953,96.72000122070312,97.13999938964844,97.13999938964844,2949300
2022-06-23,96.80000305175781,97.37999725341797,92.22000122070312,94.0199966430664,94.0199966430664,4380800
2022-06-24,95.01000213623047,102.4000015258789,94.25,102.33999633789062,102.33999633789062,4263000
2022-06-27,102.94000244140625,104.01000213623047,100.25,101.19999694824219,101.19999694824219,2407900
2022-06-28,103.5999984741211,106.58000183105469,97.83000183105469,97.87000274658203,97.87000274658203,2918300
2022-06-29,97.9800033569336,97.9800033569336,94.08999633789062,95.9800033569336,95.9800033569336,3818600
2022-06-30,94.6500015258789,95.0999984741211,90.37000274658203,94.83000183105469,94.83000183105469,4478100
2022-07-01,94.73999786376953,96.83999633789062,93.87999725341797,96.4000015258789,96.4000015258789,2661700
2022-07-05,93.58999633789062,97.7699966430664,91.81999969482422,97.16999816894531,97.16999816894531,3638100
2022-07-06,97.12000274658203,97.81999969482422,93.22000122070312,93.87000274658203,93.87000274658203,2021800
2022-07-07,95.16000366210938,97.08999633789062,94.44000244140625,96.69999694824219,96.69999694824219,2442400
2022-07-08,94.91999816894531,96.55000305175781,92.45999908447266,94.87000274658203,94.87000274658203,2073000
2022-07-11,93.22000122070312,94.06999969482422,90.56999969482422,91.16000366210938,91.16000366210938,2283000
2022-07-12,91.63999938964844,93.55000305175781,91.31999969482422,92.02999877929688,92.02999877929688,1706100
2022-07-13,90.22000122070312,93.94000244140625,88.69999694824219,92.9800033569336,92.9800033569336,2173500
2022-07-14,90.87000274658203,92.47000122070312,89.23999786376953,89.43000030517578,89.43000030517578,2189100
2022-07-15,90.9000015258789,93.5999984741211,90.19000244140625,92.3499984741211,92.3499984741211,2326000
2022-07-18,94.29000091552734,97.23999786376953,93.75,94.29000091552734,94.29000091552734,1937000
2022-07-19,96.81999969482422,100.81999969482422,96.12000274658203,100.31999969482422,100.31999969482422,3370300
2022-07-20,99.41000366210938,105.22000122070312,99.0,103.18000030517578,103.18000030517578,3763000
2022-07-21,100.62000274658203,102.44000244140625,98.86000061035156,102.37000274658203,102.37000274658203,1933500
2022-07-22,102.9000015258789,103.16000366210938,98.63999938964844,99.37999725341797,99.37999725341797,1909500
2022-07-25,100.02999877929688,100.86000061035156,98.0,100.75,100.75,1402800
2022-07-26,99.30000305175781,99.61000061035156,97.54000091552734,97.7300033569336,97.7300033569336,1340000
2022-07-27,100.83000183105469,104.13999938964844,100.08999633789062,103.76000213623047,103.76000213623047,1810700
2022-07-28,103.26000213623047,105.79000091552734,101.58999633789062,105.30999755859375,105.30999755859375,1770600
2022-07-29,105.08000183105469,106.54000091552734,103.81999969482422,106.05000305175781,106.05000305175781,1855200
2022-08-01,103.69000244140625,104.16000366210938,100.52999877929688,102.79000091552734,102.79000091552734,3276100
2022-08-02,102.2300033569336,106.16999816894531,101.76000213623047,103.88999938964844,103.88999938964844,2571500
2022-08-03,102.94000244140625,106.02999877929688,101.5,105.6500015258789,105.6500015258789,3783300
2022-08-04,103.66999816894531,103.79000091552734,101.27999877929688,102.19999694824219,102.19999694824219,7034100
2022-08-05,107.01000213623047,107.55999755859375,100.27999877929688,102.5199966430664,102.5199966430664,7379000
2022-08-08,103.58999633789062,109.48999786376953,102.88999938964844,105.37999725341797,105.37999725341797,3846800
2022-08-09,103.9800033569336,104.62999725341797,101.6500015258789,103.6500015258789,103.6500015258789,2176700
2022-08-10,106.98999786376953,109.5999984741211,106.7699966430664,109.2300033569336,109.2300033569336,3134000
2022-08-11,110.4800033569336,113.9800033569336,109.51000213623047,110.12999725341797,110.12999725341797,2928100
2022-08-12,110.91999816894531,113.7699966430664,110.4800033569336,113.51000213623047,113.51000213623047,2494200
2022-08-15,111.41999816894531,115.16999816894531,111.0,113.16999816894531,113.16999816894531,2975900
2022-08-16,113.19000244140625,117.30999755859375,112.05999755859375,117.16000366210938,117.16000366210938,3462600
2022-08-17,114.12999725341797,115.83999633789062,112.7300033569336,114.01000213623047,114.01000213623047,2504500
2022-08-18,113.56999969482422,113.8499984741211,111.77999877929688,113.66000366210938,113.66000366210938,1671700
2022-08-19,111.27999877929688,112.0,108.12999725341797,108.79000091552734,108.79000091552734,2523700
2022-08-22,105.58000183105469,106.72000122070312,104.30999755859375,105.87999725341797,105.87999725341797,2143200
2022-08-23,106.0,107.6500015258789,105.44999694824219,105.97000122070312,105.97000122070312,1821500
2022-08-24,105.45999908447266,107.66999816894531,103.98999786376953,106.80000305175781,106.80000305175781,1919200
2022-08-25,108.27999877929688,109.86000061035156,107.5199966430664,108.41999816894531,108.41999816894531,1668300
2022-08-26,108.80999755859375,109.48999786376953,103.25,103.41000366210938,103.41000366210938,1461900
2022-08-29,101.3499984741211,104.54000091552734,101.2300033569336,103.33999633789062,103.33999633789062,1801100
2022-08-30,104.69999694824219,106.05000305175781,101.83000183105469,102.63999938964844,102.63999938964844,1755200
2022-08-31,104.0199966430664,105.19000244140625,102.37999725341797,102.6500015258789,102.6500015258789,1791900
2022-09-01,100.95999908447266,101.81999969482422,97.72000122070312,101.7300033569336,101.7300033569336,2104600
2022-09-02,102.7300033569336,104.27999877929688,101.16000366210938,102.0999984741211,102.0999984741211,1564100
2022-09-06,102.83999633789062,103.0999984741211,98.91000366210938,100.8499984741211,100.8499984741211,2115000
2022-09-07,101.41999816894531,104.41999816894531,100.16000366210938,104.18000030517578,104.18000030517578,2040500
2022-09-08,102.30000305175781,105.25,102.05999755859375,104.9800033569336,104.9800033569336,1675100
2022-09-09,105.37000274658203,109.33000183105469,105.25,109.16999816894531,109.16999816894531,2188400
2022-09-12,110.5,113.51000213623047,110.5,111.73999786376953,111.73999786376953,2932600
2022-09-13,106.11000061035156,109.81999969482422,105.2300033569336,108.19000244140625,108.19000244140625,2541000
2022-09-14,108.80999755859375,110.69999694824219,106.33000183105469,110.19000244140625,110.19000244140625,2654900
2022-09-15,109.4800033569336,113.58999633789062,107.48999786376953,107.79000091552734,107.79000091552734,3640800
2022-09-16,105.88999938964844,106.30000305175781,100.7300033569336,101.88999938964844,101.88999938964844,4106800
2022-09-19,100.83000183105469,103.30000305175781,100.4000015258789,102.48999786376953,102.48999786376953,2282700
2022-09-20,101.83999633789062,105.38999938964844,100.94999694824219,104.62999725341797,104.62999725341797,3172300
2022-09-21,104.18000030517578,104.6500015258789,98.86000061035156,99.01000213623047,99.01000213623047,3485400
2022-09-22,99.01000213623047,99.01000213623047,91.4000015258789,92.0,92.0,3965500
2022-09-23,90.66999816894531,91.91000366210938,89.2699966430664,91.26000213623047,91.26000213623047,2961900
2022-09-26,91.58999633789062,93.41999816894531,89.56999969482422,89.69000244140625,89.69000244140625,2186300
2022-09-27,92.2699966430664,94.91000366210938,90.66999816894531,91.81999969482422,91.81999969482422,2512000
2022-09-28,92.69999694824219,96.73999786376953,92.0,95.91000366210938,95.91000366210938,2297700
2022-09-29,93.94999694824219,95.45999908447266,92.7300033569336,94.20999908447266,94.20999908447266,2291500
2022-09-30,93.36000061035156,96.66999816894531,92.72000122070312,93.69000244140625,93.69000244140625,2452500
2022-10-03,95.33000183105469,95.44999694824219,92.1500015258789,94.4000015258789,94.4000015258789,2655800
2022-10-04,97.5,102.1500015258789,97.05000305175781,102.0999984741211,102.0999984741211,2313900
2022-10-05,99.41999816894531,100.95999908447266,98.12000274658203,98.98999786376953,98.98999786376953,1736700
2022-10-06,98.41000366210938,99.22000122070312,95.0999984741211,95.61000061035156,95.61000061035156,2769100
2022-10-07,94.01000213623047,94.70999908447266,92.44999694824219,93.91999816894531,93.91999816894531,1971400
2022-10-10,94.45999908447266,94.8499984741211,91.7300033569336,92.69000244140625,92.69000244140625,1909000
2022-10-11,93.01000213623047,93.62000274658203,88.80999755859375,91.81999969482422,91.81999969482422,2123700
2022-10-12,91.94999694824219,93.9000015258789,90.55999755859375,93.13999938964844,93.13999938964844,1512400
2022-10-13,90.98999786376953,94.18000030517578,89.51000213623047,91.47000122070312,91.47000122070312,2328800
2022-10-14,93.83000183105469,94.0,90.12000274658203,90.2699966430664,90.2699966430664,1970400
2022-10-17,92.63999938964844,96.19000244140625,92.63999938964844,95.27999877929688,95.27999877929688,2746300
2022-10-18,97.88999938964844,99.86000061035156,96.4000015258789,98.11000061035156,98.11000061035156,1853200
2022-10-19,96.70999908447266,98.66999816894531,95.16999816894531,96.12000274658203,96.12000274658203,1593100
2022-10-20,95.98999786376953,97.62999725341797,92.91999816894531,93.1500015258789,93.1500015258789,3233600
2022-10-21,92.2699966430664,97.76000213623047,91.36000061035156,97.2699966430664,97.2699966430664,3662700
2022-10-24,96.77999877929688,97.54000091552734,93.26000213623047,95.86000061035156,95.86000061035156,1710600
2022-10-25,95.08999633789062,99.1500015258789,95.08999633789062,98.70999908447266,98.70999908447266,1951200
2022-10-26,98.5999984741211,100.43000030517578,96.0999984741211,96.7699966430664,96.7699966430664,1719200
2022-10-27,98.30999755859375,99.69000244140625,96.2300033569336,96.56999969482422,96.56999969482422,1834100
2022-10-28,96.0,97.87000274658203,94.33000183105469,96.75,96.75,2549100
2022-10-31,96.66000366210938,96.9800033569336,93.3499984741211,93.47000122070312,93.47000122070312,2599600
2022-11-01,96.5,97.69000244140625,94.63999938964844,95.66000366210938,95.66000366210938,2519100
2022-11-02,94.94999694824219,95.55999755859375,89.83999633789062,90.33999633789062,90.33999633789062,3042300
2022-11-03,90.62000274658203,90.62000274658203,86.36000061035156,87.62999725341797,87.62999725341797,5483400
2022-11-04,93.5,98.5199966430664,91.27999877929688,92.62999725341797,92.62999725341797,6579100
2022-11-07,93.16999816894531,93.16999816894531,85.0199966430664,89.58999633789062,89.58999633789062,4206700
2022-11-08,89.05999755859375,92.44999694824219,88.11000061035156,89.69999694824219,89.69999694824219,2833400
2022-11-09,87.95999908447266,90.38999938964844,87.5999984741211,89.05999755859375,89.05999755859375,2163700
2022-11-10,94.18000030517578,99.08000183105469,93.3499984741211,99.04000091552734,99.04000091552734,3362200
2022-11-11,99.52999877929688,104.47000122070312,99.18000030517578,102.79000091552734,102.79000091552734,3097500
2022-11-14,101.19000244140625,102.70999908447266,98.0999984741211,98.61000061035156,98.61000061035156,2248100
2022-11-15,101.77999877929688,102.9800033569336,98.16999816894531,99.94000244140625,99.94000244140625,2837700
2022-11-16,98.37000274658203,99.58000183105469,96.70999908447266,97.44999694824219,97.44999694824219,1840000
2022-11-17,94.55000305175781,97.30000305175781,93.83999633789062,97.26000213623047,97.26000213623047,1826900
2022-11-18,99.0,99.5,97.0199966430664,98.30999755859375,98.30999755859375,2218700
2022-11-21,97.06999969482422,99.16999816894531,96.55000305175781,97.06999969482422,97.06999969482422,2214100
2022-11-22,98.08999633789062,100.33999633789062,96.58999633789062,100.27999877929688,100.27999877929688,1627500
2022-11-23,100.79000091552734,101.86000061035156,99.4800033569336,100.87999725341797,100.87999725341797,1511500
2022-11-25,100.33999633789062,103.55999755859375,100.0999984741211,101.5,101.5,966800
2022-11-28,100.48999786376953,101.79000091552734,99.37000274658203,99.6500015258789,99.6500015258789,2054600
2022-11-29,99.69999694824219,103.06999969482422,99.69999694824219,102.44999694824219,102.44999694824219,2051300
2022-11-30,103.0999984741211,106.93000030517578,101.55999755859375,106.83999633789062,106.83999633789062,2473500
2022-12-01,107.0199966430664,109.5,105.62000274658203,105.93000030517578,105.93000030517578,1900600
2022-12-02,103.55000305175781,104.62999725341797,101.91999816894531,103.69000244140625,103.69000244140625,1767800
2022-12-05,102.31999969482422,103.55999755859375,100.36000061035156,100.66000366210938,100.66000366210938,1754700
2022-12-06,100.41999816894531,100.9800033569336,95.1500015258789,96.91000366210938,96.91000366210938,2160800
2022-12-07,93.04000091552734,93.77999877929688,89.80000305175781,90.79000091552734,90.79000091552734,4052000
2022-12-08,92.18000030517578,94.08000183105469,91.3499984741211,93.58000183105469,93.58000183105469,2246100
2022-12-09,92.81999969482422,95.45999908447266,92.05000305175781,94.0999984741211,94.0999984741211,2355100
2022-12-12,93.69999694824219,95.79000091552734,93.22000122070312,95.5999984741211,95.5999984741211,2159600
2022-12-13,99.9800033569336,100.12999725341797,93.26000213623047,94.38999938964844,94.38999938964844,2442000
2022-12-14,94.23999786376953,95.87000274658203,91.5,92.79000091552734,92.79000091552734,2567700
2022-12-15,91.0,91.70999908447266,89.20999908447266,90.19999694824219,90.19999694824219,2345000
2022-12-16,89.11000061035156,89.83000183105469,86.87999725341797,88.16999816894531,88.16999816894531,3490800
2022-12-19,87.95999908447266,88.31999969482422,84.72000122070312,85.26000213623047,85.26000213623047,2609300
2022-12-20,84.47000122070312,86.5,84.0,85.61000061035156,85.61000061035156,2813100
2022-12-21,86.72000122070312,88.45999908447266,85.97000122070312,86.48999786376953,86.48999786376953,2356400
2022-12-22,85.33999633789062,85.76000213623047,82.38999938964844,84.5199966430664,84.5199966430664,2541000
2022-12-23,84.0999984741211,86.4800033569336,83.83999633789062,86.43000030517578,86.43000030517578,2109300
2022-12-27,86.80000305175781,87.0,84.87999725341797,86.55999755859375,86.55999755859375,2678700
2022-12-28,86.5999984741211,87.3499984741211,83.29000091552734,83.69000244140625,83.69000244140625,2771100
2022-12-29,84.37000274658203,87.31999969482422,84.19999694824219,87.12999725341797,87.12999725341797,2389500
2022-12-30,85.77999877929688,87.73999786376953,85.77999877929688,87.5999984741211,87.5999984741211,2076600
2023-01-03,88.62999725341797,89.38999938964844,86.30999755859375,87.68000030517578,87.68000030517578,1433100
2023-01-04,88.5999984741211,91.52999877929688,88.5999984741211,90.98999786376953,90.98999786376953,1882800
2023-01-05,90.13999938964844,93.73999786376953,90.0,93.0,93.0,2689000
2023-01-06,94.38999938964844,94.63999938964844,93.1500015258789,94.11000061035156,94.11000061035156,2812400
2023-01-09,94.31999969482422,95.44000244140625,93.45999908447266,93.7699966430664,93.7699966430664,1911300
2023-01-10,93.7300033569336,94.63999938964844,92.47000122070312,94.63999938964844,94.63999938964844,2008700
2023-01-11,97.9800033569336,100.25,96.86000061035156,99.23999786376953,99.23999786376953,2928100
2023-01-12,100.4800033569336,103.75,99.12999725341797,103.05999755859375,103.05999755859375,2668200
2023-01-13,102.86000061035156,107.04000091552734,102.19000244140625,106.08999633789062,106.08999633789062,2658500
2023-01-17,106.2300033569336,107.80000305175781,104.80000305175781,106.55000305175781,106.55000305175781,2500600
2023-01-18,108.13999938964844,109.43000030517578,103.77999877929688,103.87000274658203,103.87000274658203,2823800
2023-01-19,102.9000015258789,108.05000305175781,102.47000122070312,107.06999969482422,107.06999969482422,2726800
2023-01-20,107.75,111.44000244140625,106.7699966430664,111.30000305175781,111.30000305175781,2886400
2023-01-23,111.27999877929688,115.98999786376953,111.0999984741211,115.7300033569336,115.7300033569336,2510800
2023-01-24,115.31999969482422,116.93000030517578,114.91999816894531,115.16999816894531,115.16999816894531,2024300
2023-01-25,113.48999786376953,116.5,112.30999755859375,116.44000244140625,116.44000244140625,2489600
2023-01-26,117.72000122070312,118.62999725341797,115.41999816894531,116.7300033569336,116.7300033569336,1809900
2023-01-27,116.2699966430664,117.98999786376953,115.6500015258789,116.18000030517578,116.18000030517578,1740100
2023-01-30,114.72000122070312,116.58000183105469,113.7699966430664,115.55999755859375,115.55999755859375,2470800
2023-01-31,115.08000183105469,115.36000061035156,113.47000122070312,114.30000305175781,114.30000305175781,1730700
2023-02-01,113.94999694824219,118.2300033569336,113.2300033569336,117.9000015258789,117.9000015258789,1826400
2023-02-02,119.94999694824219,124.94999694824219,119.08999633789062,121.44999694824219,121.44999694824219,3419700
2023-02-03,118.70999908447266,120.98999786376953,117.55999755859375,118.69999694824219,118.69999694824219,1961800
2023-02-06,117.45999908447266,120.08999633789062,116.68000030517578,119.06999969482422,119.06999969482422,2049000
2023-02-07,119.18000030517578,120.80999755859375,117.44000244140625,120.19999694824219,120.19999694824219,2046300
2023-02-08,119.68000030517578,120.91000366210938,117.12000274658203,119.1500015258789,119.1500015258789,2078800
2023-02-09,120.80999755859375,121.9800033569336,117.0,117.70999908447266,117.70999908447266,5905400
2023-02-10,111.41000366210938,112.83000183105469,105.70999908447266,107.63999938964844,107.63999938964844,9397000
2023-02-13,108.51000213623047,111.95999908447266,108.01000213623047,111.3499984741211,111.3499984741211,3480000
2023-02-14,110.75,115.45999908447266,109.9800033569336,114.94999694824219,114.94999694824219,3079000
2023-02-15,116.70999908447266,118.33999633789062,115.2300033569336,115.95999908447266,115.95999908447266,3095200
2023-02-16,113.76000213623047,114.87999725341797,111.23999786376953,111.52999877929688,111.52999877929688,3251000
2023-02-17,110.44999694824219,110.54000091552734,106.86000061035156,108.95999908447266,108.95999908447266,3583400
2023-02-21,106.98999786376953,109.44000244140625,106.94999694824219,108.02999877929688,108.02999877929688,2135400
2023-02-22,107.83999633789062,109.55999755859375,107.5999984741211,107.97000122070312,107.97000122070312,1726800
2023-02-23,108.37999725341797,108.95999908447266,105.79000091552734,106.91000366210938,106.91000366210938,2339000
2023-02-24,104.33999633789062,106.4800033569336,103.5199966430664,104.30999755859375,104.30999755859375,1962300
2023-02-27,105.66000366210938,107.9800033569336,105.47000122070312,106.83999633789062,106.83999633789062,1843500
2023-02-28,106.73999786376953,109.51000213623047,106.62000274658203,108.97000122070312,108.97000122070312,3088900
2023-03-01,109.83000183105469,110.30999755859375,105.77999877929688,106.16000366210938,106.16000366210938,2474200
2023-03-02,104.79000091552734,106.95999908447266,104.33999633789062,105.77999877929688,105.77999877929688,2205700
2023-03-03,107.08999633789062,108.30000305175781,105.77999877929688,107.61000061035156,107.61000061035156,2688400
2023-03-06,107.56999969482422,110.08999633789062,107.55999755859375,108.55000305175781,108.55000305175781,1868100
2023-03-07,108.75,110.63999938964844,107.1500015258789,107.51000213623047,107.51000213623047,2381600
2023-03-08,107.3499984741211,108.62999725341797,106.02999877929688,107.2300033569336,107.2300033569336,1345100
2023-03-09,106.94999694824219,107.2699966430664,100.66999816894531,100.80000305175781,100.80000305175781,2533200
2023-03-10,100.0,101.91999816894531,97.47000122070312,98.29000091552734,98.29000091552734,2650800
2023-03-13,96.44999694824219,96.56999969482422,93.86000061035156,95.0,95.0,3798500
2023-03-14,97.36000061035156,99.18000030517578,93.33999633789062,94.0999984741211,94.0999984741211,3675500
2023-03-15,91.47000122070312,92.47000122070312,90.25,91.7300033569336,91.7300033569336,4001400
2023-03-16,90.83000183105469,95.81999969482422,90.33999633789062,95.12000274658203,95.12000274658203,3199400
2023-03-17,94.41000366210938,95.0,91.8499984741211,93.41999816894531,93.41999816894531,3594100
2023-03-20,93.66000366210938,94.8499984741211,93.33000183105469,94.55999755859375,94.55999755859375,1894600
2023-03-21,96.54000091552734,97.6500015258789,96.29000091552734,96.75,96.75,2305900
2023-03-22,96.55000305175781,97.08999633789062,93.55999755859375,93.63999938964844,93.63999938964844,2168400
2023-03-23,94.86000061035156,96.0,91.62000274658203,92.6500015258789,92.6500015258789,2208000
2023-03-24,91.26000213623047,92.04000091552734,89.01000213623047,90.54000091552734,90.54000091552734,2671200
2023-03-27,92.23999786376953,92.63999938964844,90.44999694824219,90.7300033569336,90.7300033569336,2609300
2023-03-28,91.16999816894531,93.19000244140625,91.0999984741211,93.04000091552734,93.04000091552734,4318200
2023-03-29,94.94000244140625,95.6500015258789,94.0,95.02999877929688,95.02999877929688,2736600
2023-03-30,96.0999984741211,97.05000305175781,95.66999816894531,96.12999725341797,96.12999725341797,2088700
2023-03-31,97.0,97.44999694824219,96.33000183105469,97.02999877929688,97.02999877929688,1995500
2023-04-03,96.54000091552734,96.87999725341797,94.2699966430664,95.06999969482422,95.06999969482422,1769000
2023-04-04,95.58999633789062,95.83000183105469,92.95999908447266,93.7699966430664,93.7699966430664,1434700
2023-04-05,93.0,93.13999938964844,90.1500015258789,91.48999786376953,91.48999786376953,2154700
2023-04-06,91.87999725341797,92.37999725341797,90.05000305175781,91.69999694824219,91.69999694824219,1603000
2023-04-10,90.80999755859375,92.38999938964844,89.72000122070312,89.80999755859375,89.80999755859375,2683100
2023-04-11,90.38999938964844,91.95999908447266,89.94000244140625,91.79000091552734,91.79000091552734,2428300
2023-04-12,92.31999969482422,92.4800033569336,89.05999755859375,89.33999633789062,89.33999633789062,2258800
2023-04-13,90.26000213623047,91.94000244140625,90.0999984741211,90.95999908447266,90.95999908447266,1643400
2023-04-14,90.66000366210938,92.08000183105469,90.19999694824219,92.02999877929688,92.02999877929688,1737600
2023-04-17,92.51000213623047,94.02999877929688,92.2300033569336,93.37999725341797,93.37999725341797,2125800
2023-04-18,95.29000091552734,96.55000305175781,94.86000061035156,95.54000091552734,95.54000091552734,2619500
2023-04-19,94.9000015258789,96.13999938964844,94.44999694824219,95.33000183105469,95.33000183105469,2744500
2023-04-20,94.37999725341797,94.9000015258789,93.47000122070312,94.0199966430664,94.0199966430664,1557000
2023-04-21,93.7699966430664,93.87000274658203,91.55000305175781,93.80000305175781,93.80000305175781,1559900
2023-04-24,94.41999816894531,94.4800033569336,93.23999786376953,94.19000244140625,94.19000244140625,2133300
2023-04-25,93.48999786376953,93.83999633789062,92.06999969482422,92.11000061035156,92.11000061035156,2756000
2023-04-26,92.36000061035156,93.19000244140625,89.68000030517578,89.87000274658203,89.87000274658203,2144100
2023-04-27,91.0,92.55000305175781,90.12000274658203,92.41000366210938,92.41000366210938,2581900
2023-04-28,92.31999969482422,94.54000091552734,92.19999694824219,93.95999908447266,93.95999908447266,1665300
2023-05-01,94.22000122070312,95.58000183105469,93.63999938964844,94.41999816894531,94.41999816894531,2085700
2023-05-02,94.26000213623047,94.66999816894531,92.18000030517578,93.23999786376953,93.23999786376953,2440500
2023-05-03,93.0,93.41000366210938,90.19999694824219,90.56999969482422,90.56999969482422,2950900
2023-05-04,89.70999908447266,90.31999969482422,87.94000244140625,89.16999816894531,89.16999816894531,4468700
2023-05-05,94.3499984741211,97.80000305175781,91.93000030517578,93.54000091552734,93.54000091552734,7073300
2023-05-08,94.19999694824219,96.29000091552734,91.91000366210938,92.4800033569336,92.4800033569336,2780200
2023-05-09,92.2300033569336,95.0,91.30999755859375,93.26000213623047,93.26000213623047,2424000
2023-05-10,93.19999694824219,93.94999694824219,90.69999694824219,91.02999877929688,91.02999877929688,3455500
2023-05-11,90.91000366210938,91.93000030517578,90.66999816894531,91.22000122070312,91.22000122070312,1572500
2023-05-12,91.33000183105469,91.44999694824219,88.80999755859375,89.44999694824219,89.44999694824219,1886200
2023-05-15,89.30000305175781,92.4000015258789,89.08999633789062,92.2300033569336,92.2300033569336,2395400
2023-05-16,93.37999725341797,95.33999633789062,92.38999938964844,92.70999908447266,92.70999908447266,3159300
2023-05-17,93.30999755859375,95.94000244140625,91.91999816894531,95.2300033569336,95.2300033569336,2442800
2023-05-18,94.9000015258789,98.5,94.45999908447266,98.2699966430664,98.2699966430664,2492500
2023-05-19,98.41999816894531,98.61000061035156,95.20999908447266,96.62999725341797,96.62999725341797,2487200
2023-05-22,96.79000091552734,97.13999938964844,95.38999938964844,96.81999969482422,96.81999969482422,1751200
2023-05-23,96.69999694824219,97.31999969482422,94.05999755859375,94.16000366210938,94.16000366210938,1706300
2023-05-24,93.30000305175781,94.01000213623047,92.0,93.31999969482422,93.31999969482422,1516000
2023-05-25,94.22000122070312,96.0,92.30999755859375,95.79000091552734,95.79000091552734,2846700
2023-05-26,95.97000122070312,98.12999725341797,95.72000122070312,96.3499984741211,96.3499984741211,1825800
2023-05-30,97.0,97.31999969482422,95.16999816894531,97.01000213623047,97.01000213623047,1929900
2023-05-31,96.11000061035156,96.48999786376953,92.86000061035156,95.70999908447266,95.70999908447266,3727700
2023-06-01,95.62999725341797,99.63999938964844,95.06999969482422,98.66000366210938,98.66000366210938,2256000
2023-06-02,100.0,103.66999816894531,99.87000274658203,103.2699966430664,103.2699966430664,2435300
2023-06-05,102.94000244140625,107.2300033569336,102.11000061035156,106.9000015258789,106.9000015258789,4250700
2023-06-06,107.47000122070312,112.83000183105469,107.43000030517578,111.98999786376953,111.98999786376953,5556400
2023-06-07,113.0999984741211,114.37000274658203,109.0199966430664,109.08999633789062,109.08999633789062,3755500
2023-06-08,107.77999877929688,108.97000122070312,106.36000061035156,107.66999816894531,107.66999816894531,2884200
2023-06-09,108.98999786376953,111.08000183105469,108.58000183105469,110.4800033569336,110.4800033569336,3394200
2023-06-12,111.0,111.41000366210938,109.16999816894531,110.80999755859375,110.80999755859375,2285400
2023-06-13,111.27999877929688,111.81999969482422,110.05000305175781,110.95999908447266,110.95999908447266,1916500
2023-06-14,111.5,111.69000244140625,107.87000274658203,108.93000030517578,108.93000030517578,2061600
2023-06-15,107.81999969482422,107.83000183105469,106.0199966430664,107.11000061035156,107.11000061035156,3318000
2023-06-16,107.5,107.7300033569336,105.45999908447266,105.87000274658203,105.87000274658203,3789900
2023-06-20,104.97000122070312,107.58000183105469,104.9000015258789,106.91999816894531,106.91999816894531,2857300
2023-06-21,106.27999877929688,107.27999877929688,104.69999694824219,105.01000213623047,105.01000213623047,2598800
2023-06-22,105.75,108.19999694824219,105.5,107.33000183105469,107.33000183105469,2659500
2023-06-23,105.25,105.48999786376953,103.44999694824219,104.79000091552734,104.79000091552734,4099900
2023-06-26,103.80999755859375,106.70999908447266,103.62999725341797,104.16000366210938,104.16000366210938,1886200
2023-06-27,105.19000244140625,108.54000091552734,104.33000183105469,108.08999633789062,108.08999633789062,2561100
2023-06-28,108.33000183105469,111.25,107.55999755859375,108.33000183105469,108.33000183105469,2329900
2023-06-29,108.26000213623047,108.31999969482422,106.63999938964844,107.83999633789062,107.83999633789062,2020600
2023-06-30,108.91000366210938,110.30000305175781,108.38999938964844,109.38999938964844,109.38999938964844,2195500
2023-07-03,109.43000030517578,113.5,109.37000274658203,112.79000091552734,112.79000091552734,1625000
2023-07-05,112.56999969482422,113.08000183105469,110.58000183105469,111.54000091552734,111.54000091552734,1873300
2023-07-06,109.23999786376953,109.86000061035156,107.6500015258789,109.0,109.0,2349000
2023-07-07,109.30999755859375,112.91000366210938,109.19000244140625,111.87999725341797,111.87999725341797,2114400
2023-07-10,111.47000122070312,114.87000274658203,111.25,114.33000183105469,114.33000183105469,2350900
2023-07-11,115.19000244140625,117.83999633789062,114.87999725341797,116.95999908447266,116.95999908447266,2644100
2023-07-12,118.69000244140625,119.0,115.7300033569336,116.04000091552734,116.04000091552734,1964400
2023-07-13,118.04000091552734,120.47000122070312,117.5,119.66000366210938,119.66000366210938,2508600
2023-07-14,119.5,120.0,118.12000274658203,118.56999969482422,118.56999969482422,1742200
2023-07-17,118.05999755859375,121.58000183105469,117.33000183105469,121.13999938964844,121.13999938964844,2136800
2023-07-18,120.5199966430664,122.12999725341797,120.12999725341797,121.0,121.0,2252600
2023-07-19,120.91000366210938,120.91000366210938,117.86000061035156,119.0999984741211,119.0999984741211,2256800
2023-07-20,118.2699966430664,121.41999816894531,118.05000305175781,118.87000274658203,118.87000274658203,1557200
2023-07-21,119.83000183105469,120.20999908447266,118.69000244140625,119.0,119.0,1158100
2023-07-24,118.3499984741211,118.51000213623047,115.94999694824219,116.83000183105469,116.83000183105469,1772700
2023-07-25,116.83000183105469,118.13999938964844,116.44999694824219,117.43000030517578,117.43000030517578,2570900
2023-07-26,117.43000030517578,119.66000366210938,117.20999908447266,119.55999755859375,119.55999755859375,1433100
2023-07-27,120.4000015258789,121.62000274658203,118.7699966430664,118.81999969482422,118.81999969482422,1491600
2023-07-28,120.52999877929688,121.30000305175781,119.30000305175781,120.08999633789062,120.08999633789062,1306200
2023-07-31,120.08000183105469,122.58999633789062,119.91000366210938,122.52999877929688,122.52999877929688,1885400
2023-08-01,121.5,121.5,119.18000030517578,120.73999786376953,120.73999786376953,1389700
2023-08-02,118.88999938964844,120.7699966430664,116.7300033569336,118.0,118.0,2319800
2023-08-03,106.29000091552734,109.54000091552734,97.2699966430664,98.66999816894531,98.66999816894531,13985700
2023-08-04,101.08999633789062,104.2300033569336,101.01000213623047,103.19000244140625,103.19000244140625,5801200
2023-08-07,104.06999969482422,108.48999786376953,104.02999877929688,107.48999786376953,107.48999786376953,5171500
2023-08-08,106.87000274658203,110.33999633789062,105.56999969482422,109.83999633789062,109.83999633789062,3014100
2023-08-09,110.30999755859375,111.97000122070312,109.52999877929688,109.80999755859375,109.80999755859375,3156300
2023-08-10,111.01000213623047,112.56999969482422,110.37999725341797,111.66999816894531,111.66999816894531,2268600
2023-08-11,110.45999908447266,112.47000122070312,110.45999908447266,111.54000091552734,111.54000091552734,2840500
2023-08-14,111.01000213623047,112.05999755859375,109.30999755859375,111.93000030517578,111.93000030517578,1795700
2023-08-15,111.9800033569336,112.33000183105469,106.66000366210938,107.43000030517578,107.43000030517578,3225700
2023-08-16,107.05000305175781,108.36000061035156,106.79000091552734,107.13999938964844,107.13999938964844,1989200
2023-08-17,108.0,108.0,105.58000183105469,105.62999725341797,105.62999725341797,3045800
2023-08-18,103.3499984741211,107.95999908447266,103.06999969482422,107.20999908447266,107.20999908447266,2535200
2023-08-21,107.41000366210938,108.8499984741211,107.2300033569336,108.06999969482422,108.06999969482422,1713900
2023-08-22,108.61000061035156,110.1500015258789,108.23999786376953,108.58999633789062,108.58999633789062,1429800
2023-08-23,108.58999633789062,109.0199966430664,107.48999786376953,107.58999633789062,107.58999633789062,1839000
2023-08-24,107.27999877929688,108.62000274658203,105.91000366210938,105.95999908447266,105.95999908447266,2426900
2023-08-25,106.25,108.11000061035156,106.18000030517578,106.94000244140625,106.94000244140625,1894800
2023-08-28,107.43000030517578,108.55000305175781,107.0199966430664,108.16999816894531,108.16999816894531,1163600
2023-08-29,107.9000015258789,110.44999694824219,107.9000015258789,109.94999694824219,109.94999694824219,1405000
2023-08-30,109.05999755859375,110.62999725341797,108.66999816894531,108.86000061035156,108.86000061035156,1646500
2023-08-31,108.97000122070312,109.5999984741211,108.0999984741211,108.38999938964844,108.38999938964844,1704200
2023-09-01,109.2300033569336,109.9800033569336,108.2300033569336,109.56999969482422,109.56999969482422,1593600
2023-09-05,109.4000015258789,111.47000122070312,108.54000091552734,110.22000122070312,110.22000122070312,2004100
2023-09-06,109.19000244140625,109.70999908447266,105.93000030517578,108.41000366210938,108.41000366210938,2368900
2023-09-07,107.0,107.0,103.52999877929688,105.76000213623047,105.76000213623047,3926900
2023-09-08,105.98999786376953,110.30000305175781,105.9000015258789,109.80000305175781,109.80000305175781,2622200
2023-09-11,110.77999877929688,111.37999725341797,108.05000305175781,108.48999786376953,108.48999786376953,1774500
2023-09-12,107.48999786376953,110.73999786376953,107.48999786376953,109.6500015258789,109.6500015258789,1799000
2023-09-13,108.77999877929688,109.7699966430664,106.31999969482422,106.81999969482422,106.81999969482422,2488800
2023-09-14,107.72000122070312,107.9000015258789,104.91000366210938,106.93000030517578,106.93000030517578,2217100
2023-09-15,106.69999694824219,109.12999725341797,106.08000183105469,106.91000366210938,106.91000366210938,5677000
2023-09-18,106.25,107.06999969482422,105.45999908447266,105.73999786376953,105.73999786376953,2265900
2023-09-19,105.41000366210938,105.80999755859375,103.79000091552734,104.58000183105469,104.58000183105469,2122300
2023-09-20,104.87000274658203,105.95999908447266,104.20999908447266,104.29000091552734,104.29000091552734,1282200
2023-09-21,102.7300033569336,103.1500015258789,101.62000274658203,101.95999908447266,101.95999908447266,1805100
2023-09-22,101.95999908447266,102.94999694824219,100.51000213623047,100.87000274658203,100.87000274658203,2335000
2023-09-25,100.12999725341797,101.18000030517578,99.5,100.69000244140625,100.69000244140625,1768000
2023-09-26,99.62999725341797,100.80999755859375,98.9000015258789,99.38999938964844,99.38999938964844,1667500
2023-09-27,100.26000213623047,101.13999938964844,99.43000030517578,100.25,100.25,1676100
2023-09-28,99.76000213623047,103.05000305175781,99.69000244140625,102.58000183105469,102.58000183105469,1695200
2023-09-29,103.6500015258789,104.69999694824219,102.58000183105469,103.06999969482422,103.06999969482422,2227900
2023-10-02,102.70999908447266,103.30000305175781,101.61000061035156,102.05000305175781,102.05000305175781,1910400
2023-10-03,101.0,101.44000244140625,97.94000244140625,98.7699966430664,98.7699966430664,2056800
2023-10-04,99.20999908447266,100.61000061035156,99.02999877929688,100.18000030517578,100.18000030517578,1722300
2023-10-05,100.55999755859375,100.72000122070312,98.08000183105469,99.9000015258789,99.9000015258789,1311700
2023-10-06,98.86000061035156,101.05000305175781,98.47000122070312,100.4800033569336,100.4800033569336,1452300
2023-10-09,98.56999969482422,100.4000015258789,96.63999938964844,99.66999816894531,99.66999816894531,1637100
2023-10-10,100.58999633789062,102.7300033569336,100.19000244140625,101.48999786376953,101.48999786376953,1546700
2023-10-11,102.0,103.69000244140625,101.22000122070312,103.61000061035156,103.61000061035156,1707900
2023-10-12,103.37999725341797,103.9800033569336,101.9800033569336,102.62000274658203,102.62000274658203,1364700
2023-10-13,102.48999786376953,102.98999786376953,98.91000366210938,99.16000366210938,99.16000366210938,1526200
2023-10-16,100.05999755859375,101.58000183105469,99.29000091552734,99.66999816894531,99.66999816894531,1627000
2023-10-17,99.30999755859375,102.2300033569336,99.11000061035156,101.55000305175781,101.55000305175781,1385700
2023-10-18,99.63999938964844,100.66999816894531,98.86000061035156,98.91000366210938,98.91000366210938,1670000
2023-10-19,99.06999969482422,99.29000091552734,95.2699966430664,95.66000366210938,95.66000366210938,2381500
2023-10-20,95.02999877929688,95.22000122070312,93.04000091552734,93.6500015258789,93.6500015258789,2719000
2023-10-23,93.52999877929688,97.23999786376953,92.51000213623047,95.2300033569336,95.2300033569336,2325400
2023-10-24,96.51000213623047,97.44999694824219,95.81999969482422,97.29000091552734,97.29000091552734,1229700
2023-10-25,95.72000122070312,96.75,95.33000183105469,95.97000122070312,95.97000122070312,1380100
2023-10-26,95.97000122070312,96.5,93.16000366210938,95.04000091552734,95.04000091552734,2857000
2023-10-27,95.31999969482422,96.12999725341797,92.97000122070312,93.08000183105469,93.08000183105469,1598900
2023-10-30,94.86000061035156,96.08999633789062,94.27999877929688,94.94999694824219,94.94999694824219,1922200
2023-10-31,95.26000213623047,95.63999938964844,94.05999755859375,95.29000091552734,95.29000091552734,1714700
2023-11-01,95.29000091552734,95.55000305175781,92.4800033569336,93.2699966430664,93.2699966430664,2208300
2023-11-02,95.05999755859375,96.30000305175781,93.19999694824219,94.83999633789062,94.83999633789062,5082300
2023-11-03,108.0,112.97000122070312,107.80000305175781,112.70999908447266,112.70999908447266,9056000
2023-11-06,113.80000305175781,115.75,110.7699966430664,111.58999633789062,111.58999633789062,3630400
2023-11-07,111.88999938964844,121.16999816894531,111.81999969482422,118.05000305175781,118.05000305175781,5570000
2023-11-08,118.02999877929688,118.77999877929688,116.41999816894531,116.55999755859375,116.55999755859375,2854400
2023-11-09,116.5199966430664,118.02999877929688,113.43000030517578,113.66999816894531,113.66999816894531,2207100
2023-11-10,113.70999908447266,119.08000183105469,113.70999908447266,118.68000030517578,118.68000030517578,2768200
2023-11-13,117.98999786376953,119.81999969482422,117.7300033569336,118.4800033569336,118.4800033569336,1731500
2023-11-14,121.5199966430664,123.94000244140625,120.91999816894531,122.62999725341797,122.62999725341797,2382100
2023-11-15,124.76000213623047,134.3699951171875,124.5199966430664,130.3300018310547,130.3300018310547,5690800
2023-11-16,128.0800018310547,131.5800018310547,127.05000305175781,129.82000732421875,129.82000732421875,2704500
2023-11-17,134.3000030517578,137.5,132.07000732421875,136.3800048828125,136.3800048828125,4811800
2023-11-20,135.83999633789062,136.77000427246094,133.11000061035156,134.89999389648438,134.89999389648438,2473000
2023-11-21,134.0399932861328,136.1300048828125,133.67999267578125,135.47000122070312,135.47000122070312,1817900
2023-11-22,136.49000549316406,138.16000366210938,136.2100067138672,136.88999938964844,136.88999938964844,1653900
2023-11-24,136.02999877929688,137.16000366210938,134.82000732421875,136.4199981689453,136.4199981689453,723200
2023-11-27,135.47999572753906,137.35000610351562,135.32000732421875,135.89999389648438,135.89999389648438,1361000
2023-11-28,136.11000061035156,137.64999389648438,134.74000549316406,135.4199981689453,135.4199981689453,1555800
2023-11-29,135.69000244140625,138.72999572753906,135.36000061035156,135.75,135.75,7804400
2023-11-30,136.3699951171875,136.7899932861328,134.3300018310547,136.17999267578125,136.17999267578125,3584600
2023-12-01,136.0500030517578,139.77999877929688,136.0500030517578,139.30999755859375,139.30999755859375,3259800
2023-12-04,138.5,141.16000366210938,138.4600067138672,139.82000732421875,139.82000732421875,1685600
2023-12-05,138.4600067138672,139.4600067138672,137.10000610351562,138.39999389648438,138.39999389648438,1419400
2023-12-06,139.89999389648438,140.5,138.2100067138672,139.0,139.0,1749800
2023-12-07,139.39999389648438,143.89999389648438,139.08999633789062,143.64999389648438,143.64999389648438,2059300
2023-12-08,142.6999969482422,145.8300018310547,142.50999450683594,145.5,145.5,1748500
2023-12-11,146.0,149.94000244140625,145.8800048828125,148.33999633789062,148.33999633789062,2040800
2023-12-12,146.35000610351562,147.52000427246094,143.38999938964844,144.8800048828125,144.8800048828125,1805200
2023-12-13,144.8800048828125,146.3000030517578,142.24000549316406,144.89999389648438,144.89999389648438,2202700
2023-12-14,145.77999877929688,148.32000732421875,145.08999633789062,146.8300018310547,146.8300018310547,2207300
2023-12-15,145.8800048828125,147.07000732421875,143.8699951171875,145.99000549316406,145.99000549316406,4764200
2023-12-18,146.6199951171875,148.67999267578125,145.8800048828125,148.47000122070312,148.47000122070312,1857000
2023-12-19,148.47999572753906,151.8000030517578,148.47999572753906,151.52000427246094,151.52000427246094,2589000
2023-12-20,151.27999877929688,154.77000427246094,148.27000427246094,148.4600067138672,148.4600067138672,2938600
2023-12-21,150.5,154.5800018310547,150.10000610351562,154.52000427246094,154.52000427246094,2590700
2023-12-22,154.8800048828125,155.60000610351562,153.67999267578125,155.30999755859375,155.30999755859375,1939800
2023-12-26,155.25,155.83999633789062,152.85000610351562,153.13999938964844,153.13999938964844,1530600
2023-12-27,153.33999633789062,154.0399932861328,151.6999969482422,153.25,153.25,1420100
2023-12-28,153.00999450683594,153.9499969482422,152.3300018310547,153.27999877929688,153.27999877929688,1146700
2023-12-29,154.05999755859375,155.16000366210938,151.35000610351562,151.7899932861328,151.7899932861328,1307000
2024-01-02,151.6699981689453,152.3800048828125,147.24000549316406,148.75999450683594,148.75999450683594,2897900
2024-01-03,146.61000061035156,148.47000122070312,144.89999389648438,144.99000549316406,144.99000549316406,4108200
2024-01-04,145.99000549316406,147.33999633789062,144.55999755859375,144.82000732421875,144.82000732421875,2709600
2024-01-05,144.27999877929688,147.5500030517578,144.27999877929688,146.32000732421875,146.32000732421875,1579600
2024-01-08,147.11000061035156,150.47000122070312,146.02999877929688,149.67999267578125,149.67999267578125,2333900
2024-01-09,148.61000061035156,153.16000366210938,148.57000732421875,152.72999572753906,152.72999572753906,2094900
2024-01-10,152.02999877929688,154.77999877929688,151.35000610351562,151.85000610351562,151.85000610351562,1566700
2024-01-11,151.5500030517578,153.08999633789062,150.27000427246094,151.1999969482422,151.1999969482422,1621900
2024-01-12,151.22000122070312,151.77999877929688,148.02000427246094,148.61000061035156,148.61000061035156,1376000
2024-01-16,147.3300018310547,149.33999633789062,146.7100067138672,148.64999389648438,148.64999389648438,1342000
2024-01-17,146.60000610351562,147.82000732421875,145.97999572753906,147.3000030517578,147.3000030517578,1657500
2024-01-18,148.8300018310547,149.7899932861328,146.19000244140625,148.9600067138672,148.9600067138672,2179800
2024-01-19,149.94000244140625,149.97999572753906,145.30999755859375,148.57000732421875,148.57000732421875,2514100
2024-01-22,149.47000122070312,149.89999389648438,145.27999877929688,145.66000366210938,145.66000366210938,2510500
2024-01-23,146.6199951171875,148.92999267578125,145.39999389648438,148.5,148.5,1911100
2024-01-24,150.0,150.97000122070312,147.85000610351562,148.57000732421875,148.57000732421875,1302500
2024-01-25,150.7899932861328,153.57000732421875,149.75999450683594,152.3000030517578,152.3000030517578,2112600
2024-01-26,152.60000610351562,153.5399932861328,151.7100067138672,151.92999267578125,151.92999267578125,1701000
2024-01-29,151.92999267578125,154.19000244140625,150.44000244140625,153.97999572753906,153.97999572753906,1811600
2024-01-30,153.52999877929688,153.8000030517578,150.02000427246094,151.72000122070312,151.72000122070312,2014400
2024-01-31,151.14999389648438,151.86000061035156,147.9600067138672,148.3300018310547,148.3300018310547,1459900
2024-02-01,148.99000549316406,151.77000427246094,146.77000427246094,151.52000427246094,151.52000427246094,1960900
2024-02-02,150.7100067138672,153.38999938964844,146.5500030517578,151.0500030517578,151.0500030517578,1967600
2024-02-05,149.9499969482422,152.3300018310547,147.5399932861328,151.7100067138672,151.7100067138672,1899400
2024-02-06,152.9199981689453,154.3800048828125,150.6300048828125,153.6999969482422,153.6999969482422,1865700
2024-02-07,155.05999755859375,156.77000427246094,151.08999633789062,154.3800048828125,154.3800048828125,2300900
2024-02-08,156.5,160.0500030517578,154.82000732421875,159.47000122070312,159.47000122070312,7400400
2024-02-09,130.61000061035156,132.8000030517578,126.05000305175781,131.11000061035156,131.11000061035156,18487400
2024-02-12,132.0399932861328,137.3000030517578,132.0399932861328,133.60000610351562,133.60000610351562,6862200
2024-02-13,131.38999938964844,136.3800048828125,130.6999969482422,134.83999633789062,134.83999633789062,4907400
2024-02-14,135.44000244140625,136.4600067138672,133.8800048828125,134.82000732421875,134.82000732421875,3396300
2024-02-15,136.0,139.72000122070312,135.88999938964844,138.52999877929688,138.52999877929688,3710900
2024-02-16,137.94000244140625,137.9600067138672,134.82000732421875,135.25,135.25,2669300
2024-02-20,133.67999267578125,136.7899932861328,133.44000244140625,135.99000549316406,135.99000549316406,2443200
2024-02-21,134.82000732421875,136.19000244140625,133.83999633789062,134.63999938964844,134.63999938964844,2020400
2024-02-22,136.0,139.2899932861328,135.60000610351562,139.10000610351562,139.10000610351562,2699800
2024-02-23,137.0,138.72999572753906,135.00999450683594,136.3000030517578,136.3000030517578,3320100
2024-02-26,136.3000030517578,137.1199951171875,134.49000549316406,134.9499969482422,134.9499969482422,2682400
2024-02-27,136.25,137.2899932861328,135.4199981689453,136.24000549316406,136.24000549316406,2070100
2024-02-28,135.50999450683594,137.32000732421875,135.3300018310547,135.52999877929688,135.52999877929688,1902000
2024-02-29,136.8699951171875,137.89999389648438,135.83999633789062,136.82000732421875,136.82000732421875,2412200
2024-03-01,136.3000030517578,137.8000030517578,136.22000122070312,136.83999633789062,136.83999633789062,1843000
2024-03-04,136.6199951171875,137.2100067138672,135.1699981689453,135.52000427246094,135.52000427246094,2229500
2024-03-05,134.5800018310547,135.74000549316406,133.11000061035156,134.02999877929688,134.02999877929688,3030900
2024-03-06,135.08999633789062,135.44000244140625,132.24000549316406,132.5,132.5,2361300
2024-03-07,132.75,133.6300048828125,131.41000366210938,133.42999267578125,133.42999267578125,1968500
2024-03-08,133.61000061035156,136.07000732421875,133.02000427246094,135.77999877929688,135.77999877929688,1859200
2024-03-11,135.1699981689453,137.2899932861328,135.1699981689453,136.92999267578125,136.92999267578125,1431600
2024-03-12,138.0,138.1300048828125,136.52999877929688,136.6199951171875,136.6199951171875,1611200
2024-03-13,134.8000030517578,137.22000122070312,133.82000732421875,135.32000732421875,135.32000732421875,2093400
2024-03-14,135.6999969482422,136.07000732421875,134.6300048828125,135.74000549316406,135.74000549316406,1869100
2024-03-15,134.91000366210938,135.3000030517578,132.50999450683594,133.47000122070312,133.47000122070312,3974400
2024-03-18,133.7899932861328,134.7899932861328,132.5,133.2100067138672,133.2100067138672,1688300
2024-03-19,133.17999267578125,135.6199951171875,132.6999969482422,135.55999755859375,135.55999755859375,1598400
2024-03-20,135.27000427246094,138.6199951171875,135.07000732421875,138.10000610351562,138.10000610351562,1906500
2024-03-21,138.9499969482422,139.0,136.3300018310547,136.38999938964844,136.38999938964844,1681300
2024-03-22,135.67999267578125,137.4600067138672,135.14999389648438,136.83999633789062,136.83999633789062,1246300
2024-03-25,137.17999267578125,138.25999450683594,136.77999877929688,137.30999755859375,137.30999755859375,1172900
2024-03-26,138.39999389648438,138.8800048828125,136.57000732421875,136.6199951171875,136.6199951171875,2524500
2024-03-27,137.8800048828125,139.1300048828125,136.6300048828125,138.99000549316406,138.99000549316406,2221100
2024-03-28,139.4600067138672,139.89999389648438,137.58999633789062,137.75,137.75,2081500
2024-04-01,137.5500030517578,137.72999572753906,132.91000366210938,133.22000122070312,133.22000122070312,3621900
2024-04-02,132.05999755859375,133.24000549316406,130.5,131.69000244140625,131.69000244140625,2306200
2024-04-03,130.9600067138672,132.27000427246094,129.5500030517578,130.55999755859375,130.55999755859375,2239100
2024-04-04,131.85000610351562,134.39999389648438,130.44000244140625,130.6999969482422,130.6999969482422,2750100
2024-04-05,131.0500030517578,132.32000732421875,130.4199981689453,131.7899932861328,131.7899932861328,1666800
2024-04-08,131.6300048828125,133.5,131.52000427246094,132.16000366210938,132.16000366210938,1113000
2024-04-09,132.8000030517578,133.36000061035156,131.75,133.27000427246094,133.27000427246094,1109000
2024-04-10,132.13999938964844,134.2100067138672,130.9499969482422,131.39999389648438,131.39999389648438,1510900
2024-04-11,132.13999938964844,134.24000549316406,131.57000732421875,133.22000122070312,133.22000122070312,1693200
2024-04-12,131.91000366210938,132.97999572753906,130.3800048828125,130.4600067138672,130.4600067138672,2126200
2024-04-15,131.5,133.1300048828125,128.08999633789062,128.64999389648438,128.64999389648438,1812600
2024-04-16,128.64999389648438,130.27000427246094,127.98999786376953,128.94000244140625,128.94000244140625,1598300
2024-04-17,130.17999267578125,130.8699951171875,128.24000549316406,128.72999572753906,128.72999572753906,1332200
2024-04-18,129.50999450683594,129.80999755859375,127.83999633789062,128.3000030517578,128.3000030517578,1252300
2024-04-19,128.80999755859375,129.94000244140625,128.02999877929688,129.0,129.0,1349300
2024-04-22,129.5,131.6300048828125,128.0399932861328,131.58999633789062,131.58999633789062,1418800
2024-04-23,132.52999877929688,135.30999755859375,132.1300048828125,135.02000427246094,135.02000427246094,1420200
2024-04-24,135.32000732421875,139.0,134.4600067138672,135.8000030517578,135.8000030517578,1776300
2024-04-25,134.52999877929688,136.94000244140625,134.02000427246094,136.25,136.25,1501600
2024-04-26,136.25,138.0,135.66000366210938,135.6999969482422,135.6999969482422,1412700
2024-04-29,136.2899932861328,137.07000732421875,134.88999938964844,136.66000366210938,136.66000366210938,2285400
2024-04-30,136.5,137.5,134.27999877929688,134.6300048828125,134.6300048828125,2096200
2024-05-01,132.94000244140625,135.3300018310547,130.44000244140625,133.13999938964844,133.13999938964844,3085100
2024-05-02,135.13999938964844,136.67999267578125,132.75999450683594,136.08999633789062,136.08999633789062,4854300
2024-05-03,122.30999755859375,122.73999786376953,115.13999938964844,115.33000183105469,115.33000183105469,13956100
2024-05-06,115.79000091552734,116.81999969482422,114.62999725341797,116.0199966430664,116.0199966430664,4516700
2024-05-07,115.62999725341797,116.69999694824219,112.25,112.91000366210938,112.91000366210938,4496300
2024-05-08,111.94000244140625,113.0,110.72000122070312,111.54000091552734,111.54000091552734,3646100
2024-05-09,110.83999633789062,113.06999969482422,109.87000274658203,112.52999877929688,112.52999877929688,4481400
2024-05-10,113.0,113.41999816894531,112.33000183105469,112.83999633789062,112.83999633789062,3253900
2024-05-13,113.45999908447266,114.0199966430664,112.3499984741211,112.66999816894531,112.66999816894531,2856400
2024-05-14,112.9000015258789,113.73999786376953,112.70999908447266,113.4800033569336,113.4800033569336,2239300
2024-05-15,114.05000305175781,114.62000274658203,111.91000366210938,112.44999694824219,112.44999694824219,2239500
2024-05-16,112.38999938964844,114.33999633789062,112.05000305175781,113.44999694824219,113.44999694824219,2219900
2024-05-17,114.0,114.5999984741211,112.77999877929688,114.01000213623047,114.01000213623047,3054700
2024-05-20,113.88999938964844,114.55999755859375,112.62000274658203,114.31999969482422,114.31999969482422,3011600
2024-05-21,113.72000122070312,114.19999694824219,111.41000366210938,111.70999908447266,111.70999908447266,2556200
2024-05-22,111.19999694824219,112.52999877929688,111.05999755859375,112.06999969482422,112.06999969482422,1598500
2024-05-23,112.19999694824219,113.01000213623047,110.16999816894531,110.48999786376953,110.48999786376953,1931800
2024-05-24,111.0,111.37000274658203,110.26000213623047,110.30999755859375,110.30999755859375,1231800
2024-05-28,110.3499984741211,110.97000122070312,109.30000305175781,110.11000061035156,110.11000061035156,2285600
2024-05-29,108.61000061035156,110.58000183105469,107.25,110.27999877929688,110.27999877929688,1801200
2024-05-30,110.27999877929688,110.70999908447266,109.02999877929688,109.4800033569336,109.4800033569336,1348300
2024-05-31,109.26000213623047,112.94999694824219,109.26000213623047,112.86000061035156,112.86000061035156,2272500
2024-06-03,112.94000244140625,114.52999877929688,112.3499984741211,114.05999755859375,114.05999755859375,2532900
2024-06-04,113.18000030517578,114.6500015258789,113.16000366210938,114.48999786376953,114.48999786376953,1810100
2024-06-05,114.94000244140625,116.9000015258789,114.5,115.36000061035156,115.36000061035156,2135100
2024-06-06,114.80000305175781,120.41000366210938,114.79000091552734,120.30999755859375,120.30999755859375,3050800
2024-06-07,119.73999786376953,123.18000030517578,119.66999816894531,123.05999755859375,123.05999755859375,2575200
2024-06-10,122.30000305175781,124.1500015258789,122.0,123.37999725341797,123.37999725341797,1650100
2024-06-11,122.87000274658203,123.30999755859375,122.0999984741211,122.79000091552734,122.79000091552734,1513700
2024-06-12,124.87999725341797,125.20999908447266,123.29000091552734,124.55999755859375,124.55999755859375,1869600
2024-06-13,124.2300033569336,124.66000366210938,122.48999786376953,123.41999816894531,123.41999816894531,1515100
2024-06-14,122.08999633789062,124.76000213623047,122.0,124.61000061035156,124.61000061035156,1592600
2024-06-17,124.41000366210938,124.76000213623047,122.72000122070312,124.06999969482422,124.06999969482422,1641600
2024-06-18,124.05000305175781,126.86000061035156,123.48999786376953,124.54000091552734,124.54000091552734,1964800
2024-06-20,124.61000061035156,127.81999969482422,124.61000061035156,125.4800033569336,125.4800033569336,1896500
2024-06-21,125.20999908447266,128.08999633789062,124.69000244140625,127.72000122070312,127.72000122070312,3839300
2024-06-24,126.97000122070312,129.9199981689453,126.43000030517578,128.16000366210938,128.16000366210938,1892100
2024-06-25,128.9600067138672,130.83999633789062,128.27000427246094,129.75999450683594,129.75999450683594,1903200
2024-06-26,128.74000549316406,129.32000732421875,124.0,127.36000061035156,127.36000061035156,1759100
2024-06-27,127.04000091552734,127.36000061035156,124.30999755859375,124.66000366210938,124.66000366210938,2418800
2024-06-28,124.80000305175781,126.54000091552734,124.62999725341797,125.98999786376953,125.98999786376953,2692900
2024-07-01,126.2300033569336,126.83000183105469,122.0,122.5,122.5,1928000
2024-07-02,122.75,124.04000091552734,121.80999755859375,122.86000061035156,122.86000061035156,1428600
2024-07-03,123.62999725341797,124.37000274658203,122.86000061035156,124.25,124.25,845700
2024-07-05,123.91000366210938,124.94000244140625,122.6500015258789,123.61000061035156,123.61000061035156,1492200
2024-07-08,124.48999786376953,126.19000244140625,124.1500015258789,125.5,125.5,1496300
2024-07-09,126.11000061035156,129.88999938964844,125.58000183105469,128.55999755859375,128.55999755859375,2141800
2024-07-10,129.07000732421875,130.0399932861328,127.81999969482422,129.52999877929688,129.52999877929688,1686000
2024-07-11,129.00999450683594,130.57000732421875,127.08999633789062,128.72000122070312,128.72000122070312,1449300
2024-07-12,129.1999969482422,131.92999267578125,128.8699951171875,131.69000244140625,131.69000244140625,1454100
2024-07-15,131.86000061035156,133.9199981689453,130.57000732421875,132.52000427246094,132.52000427246094,1512000
2024-07-16,133.00999450683594,141.60000610351562,133.0,139.6999969482422,139.6999969482422,3805400
2024-07-17,138.75999450683594,138.89999389648438,134.19000244140625,135.5399932861328,135.5399932861328,1763000
2024-07-18,135.5399932861328,137.72999572753906,133.42999267578125,133.52000427246094,133.52000427246094,1362700
2024-07-19,134.49000549316406,136.5800018310547,133.8699951171875,135.8800048828125,135.8800048828125,1412200
2024-07-22,134.8300018310547,136.30999755859375,132.6199951171875,134.4600067138672,134.4600067138672,1642000
2024-07-23,134.85000610351562,136.2100067138672,132.52000427246094,132.6699981689453,132.6699981689453,1524600
2024-07-24,131.63999938964844,131.85000610351562,127.19999694824219,128.49000549316406,128.49000549316406,2084500
2024-07-25,126.62000274658203,126.69999694824219,121.94999694824219,124.9000015258789,124.9000015258789,2212300
2024-07-26,126.69000244140625,127.19000244140625,125.19000244140625,125.87000274658203,125.87000274658203,1440100
2024-07-29,126.43000030517578,128.83999633789062,125.94999694824219,128.27999877929688,128.27999877929688,1321600
2024-07-30,128.6300048828125,129.7100067138672,127.66999816894531,128.52999877929688,128.52999877929688,1379500
2024-07-31,129.08999633789062,129.2899932861328,125.94000244140625,127.66999816894531,127.66999816894531,1641300
2024-08-01,126.80000305175781,127.11000061035156,120.05999755859375,121.4800033569336,121.4800033569336,2711200
2024-08-02,116.5,117.16999816894531,113.19000244140625,115.48999786376953,115.48999786376953,3051100
2024-08-05,111.75,114.33999633789062,110.19999694824219,112.12000274658203,112.12000274658203,3321200
2024-08-06,113.0,117.80999755859375,112.54000091552734,117.52999877929688,117.52999877929688,2952200
2024-08-07,115.0,116.16999816894531,111.08000183105469,113.23999786376953,113.23999786376953,3040200
2024-08-08,113.37000274658203,118.55999755859375,112.68000030517578,117.97000122070312,117.97000122070312,4123900
2024-08-09,130.0,131.30999755859375,125.5,130.00999450683594,130.00999450683594,6092500
2024-08-12,128.50999450683594,129.69000244140625,126.33000183105469,126.88999938964844,126.88999938964844,2417600
2024-08-13,128.42999267578125,130.6999969482422,127.44000244140625,130.5800018310547,130.5800018310547,1868300
2024-08-14,131.02000427246094,132.47999572753906,127.61000061035156,129.02999877929688,129.02999877929688,2830000
2024-08-15,130.25,132.8699951171875,129.7100067138672,132.22000122070312,132.22000122070312,1570000
2024-08-16,130.92999267578125,131.8000030517578,130.14999389648438,131.0399932861328,131.0399932861328,1675600
2024-08-19,131.9499969482422,135.63999938964844,131.5800018310547,135.4600067138672,135.4600067138672,1552400
2024-08-20,135.0,136.25999450683594,133.35000610351562,133.52000427246094,133.52000427246094,1333400
2024-08-21,134.0,134.83999633789062,131.92999267578125,133.19000244140625,133.19000244140625,1279800
2024-08-22,133.6300048828125,135.14999389648438,132.72000122070312,133.1199951171875,133.1199951171875,1065500
2024-08-23,134.39999389648438,138.89999389648438,133.91000366210938,138.1300048828125,138.1300048828125,1303600
2024-08-26,138.1300048828125,139.67999267578125,136.99000549316406,137.1199951171875,137.1199951171875,1270500
2024-08-27,136.69000244140625,141.7899932861328,136.36000061035156,140.8000030517578,140.8000030517578,1710900
2024-08-28,139.8000030517578,140.50999450683594,138.7899932861328,139.72000122070312,139.72000122070312,1237100
2024-08-29,141.0,142.4199981689453,139.94000244140625,140.91000366210938,140.91000366210938,1263200
2024-08-30,142.22999572753906,142.22999572753906,138.38999938964844,139.08999633789062,139.08999633789062,2008300
2024-09-03,138.55999755859375,139.63999938964844,135.8800048828125,136.74000549316406,136.74000549316406,1532100
2024-09-04,136.1999969482422,137.72000122070312,134.74000549316406,134.9199981689453,134.9199981689453,1065100
2024-09-05,134.0,137.6699981689453,133.57000732421875,135.19000244140625,135.19000244140625,1340700
2024-09-06,135.16000366210938,136.8800048828125,131.72000122070312,132.25999450683594,132.25999450683594,1234000
2024-09-09,132.99000549316406,134.47999572753906,131.85000610351562,132.86000061035156,132.86000061035156,1299000
2024-09-10,133.7100067138672,133.7100067138672,129.1699981689453,131.10000610351562,131.10000610351562,1311200
2024-09-11,130.6199951171875,130.92999267578125,126.45999908447266,129.8300018310547,129.8300018310547,1485000
2024-09-12,130.47000122070312,132.85000610351562,129.9499969482422,132.22000122070312,132.22000122070312,1036600
2024-09-13,133.50999450683594,135.8699951171875,132.97999572753906,135.77000427246094,135.77000427246094,1067000
2024-09-16,136.55999755859375,137.4199981689453,134.82000732421875,135.7899932861328,135.7899932861328,792700
2024-09-17,136.1999969482422,139.77999877929688,135.8000030517578,138.41000366210938,138.41000366210938,1757900
2024-09-18,137.44000244140625,140.91000366210938,136.86000061035156,139.66000366210938,139.66000366210938,1315400
2024-09-19,142.7100067138672,145.11000061035156,141.60000610351562,142.5399932861328,142.5399932861328,1640400
2024-09-20,142.5399932861328,144.17999267578125,141.63999938964844,144.0399932861328,144.0399932861328,2647800
2024-09-23,144.02999877929688,144.49000549316406,142.4199981689453,144.0399932861328,144.0399932861328,979800
2024-09-24,145.0,147.99000549316406,144.49000549316406,147.9199981689453,147.9199981689453,1487000
2024-09-25,145.6300048828125,146.58999633789062,144.1999969482422,145.49000549316406,145.49000549316406,1744500
2024-09-26,147.57000732421875,149.4499969482422,146.55999755859375,148.47999572753906,148.47999572753906,1290100
2024-09-27,149.5,150.89999389648438,147.6999969482422,149.08999633789062,149.08999633789062,948800
